CIK,entity_name,entity_org_type
1605941,1290 Funds,30
1319067,360 Funds,30
1669035,5-to-15 Year Laddered Municipal Bond Portfolio,30
3794,"AB BOND FUND, INC.",30
81443,"AB CAP FUND, INC.",30
1090504,"AB CORE OPPORTUNITIES FUND, INC.",30
1274676,AB CORPORATE SHARES,30
19614,"AB DISCOVERY GROWTH FUND, INC.",30
910036,AB EQUITY INCOME FUND INC,30
862021,AB FIXED INCOME SHARES INC,30
883676,"AB GLOBAL BOND FUND, INC.",30
1018368,AB GLOBAL REAL ESTATE INVESTMENT FUND INC,30
69752,"AB GLOBAL RISK ALLOCATION FUND, INC.",30
917713,AB GOVERNMENT EXCHANGE RESERVES,30
915845,AB HIGH INCOME FUND INC,30
1018592,AB INSTITUTIONAL FUNDS INC,30
889508,AB LARGE CAP GROWTH FUND INC,30
899774,AB MUNICIPAL INCOME FUND II,30
798737,"AB MUNICIPAL INCOME FUND, INC.",30
1308576,AB Pooling Portfolios,30
812015,AB PORTFOLIOS,30
29292,"AB RELATIVE VALUE FUND, INC.",30
350181,"AB SUSTAINABLE GLOBAL THEMATIC FUND, INC.",30
920701,AB SUSTAINABLE INTERNATIONAL THEMATIC FUND INC,30
1129870,AB TRUST,30
1002718,"AB UNCONSTRAINED BOND FUND, INC.",30
825316,"AB VARIABLE PRODUCTS SERIES FUND, INC.",30
1413594,Aberdeen Funds,30
887210,ABERDEEN INVESTMENT FUNDS,30
1591939,Absolute Shares Trust,30
1591989,Acacia Trust,30
1301123,Access One Trust,30
1165382,ACTIVE ASSETS GOVERNMENT TRUST,30
1096962,ACTIVE ASSETS PRIME TRUST,30
1683471,Active Weighting Funds ETF Trust,30
1311981,Adirondack Funds,30
814679,ADVANCED SERIES TRUST,30
914775,"Advantage Funds, Inc.",30
1502608,Adviser Managed Trust,30
1516523,Advisers Investment Trust,30
1029068,ADVISORONE FUNDS,30
1556505,Advisors Preferred Trust,30
1027596,ADVISORS SERIES TRUST,30
878719,ADVISORS' INNER CIRCLE FUND,30
890540,Advisors' Inner Circle Fund II,30
1593547,Advisors' Inner Circle Fund III,30
1408970,AdvisorShares Trust,30
1251896,AEGIS FUNDS,30
225030,AFL CIO HOUSING INVESTMENT TRUST,30
1112996,AIM COUNSELOR SERIES TRUST (INVESCO COUNSELOR SERIES TRUST),30
105377,AIM EQUITY FUNDS (INVESCO EQUITY FUNDS),30
19034,AIM FUNDS GROUP (INVESCO FUNDS GROUP),30
202032,AIM GROWTH SERIES (INVESCO GROWTH SERIES),30
880859,AIM INTERNATIONAL MUTUAL FUNDS (INVESCO INTERNATIONAL MUTUAL FUNDS),30
826644,AIM INVESTMENT FUNDS (INVESCO INVESTMENT FUNDS),30
842790,AIM INVESTMENT SECURITIES FUNDS (INVESCO INVESTMENT SECURITIES FUNDS),30
725781,AIM SECTOR FUNDS (INVESCO SECTOR FUNDS),30
909466,AIM TAX EXEMPT FUNDS (INVESCO TAX-EXEMPT FUNDS),30
828806,AIM TREASURERS SERIES TRUST (INVESCO TREASURER'S SERIES TRUST),30
896435,AIM VARIABLE INSURANCE FUNDS (INVESCO VARIABLE INSURANCE FUNDS),30
3521,ALGER FUNDS,30
92751,ALGER FUNDS II,30
1219064,ALGER GLOBAL GROWTH FUND,30
911415,ALGER INSTITUTIONAL FUNDS,30
832566,ALGER PORTFOLIOS,30
1065899,ALIGHT SERIES TRUST,30
867297,ALLIANZ FUNDS,30
1423227,Allianz Funds Multi-Strategy Trust,30
1301708,Allianz Variable Insurance Products Fund of Funds Trust,30
1091439,ALLIANZ VARIABLE INSURANCE PRODUCTS TRUST,30
1609956,AllianzGI Institutional Multi-Series Trust,30
1105877,ALLIED ASSET ADVISORS FUNDS,30
1592900,Alpha Architect ETF Trust,30
1438681,AlphaMark Investment Trust,30
1414040,ALPS ETF Trust,30
1558107,ALPS Series Trust,30
1382990,ALPS Variable Investment Trust,30
766285,AMANA MUTUAL FUNDS TRUST,30
4405,AMCAP FUND,30
1539996,AMERICAFIRST QUANTITATIVE FUNDS,30
4568,AMERICAN BALANCED FUND,30
809593,AMERICAN BEACON FUNDS,30
1700933,American Beacon Institutional Funds Trust,30
1096012,AMERICAN BEACON SELECT FUNDS,30
1293210,"AMERICAN CENTURY ASSET ALLOCATION PORTFOLIOS, INC.",30
717316,AMERICAN CENTURY CALIFORNIA TAX FREE & MUNICIPAL FUNDS,30
908186,AMERICAN CENTURY CAPITAL PORTFOLIOS INC,30
1710607,AMERICAN CENTURY ETF TRUST,30
773674,AMERICAN CENTURY GOVERNMENT INCOME TRUST,30
1353176,"AMERICAN CENTURY GROWTH FUNDS, INC.",30
880268,AMERICAN CENTURY INTERNATIONAL BOND FUNDS,30
908406,AMERICAN CENTURY INVESTMENT TRUST,30
746458,AMERICAN CENTURY MUNICIPAL TRUST,30
100334,"AMERICAN CENTURY MUTUAL FUNDS, INC.",30
827060,"AMERICAN CENTURY QUANTITATIVE EQUITY FUNDS, INC.",30
924211,AMERICAN CENTURY STRATEGIC ASSET ALLOCATIONS INC,30
757928,AMERICAN CENTURY TARGET MATURITIES TRUST,30
1124155,AMERICAN CENTURY VARIABLE PORTFOLIOS II INC,30
814680,AMERICAN CENTURY VARIABLE PORTFOLIOS INC,30
872825,AMERICAN CENTURY WORLD MUTUAL FUNDS INC,30
1547011,AMERICAN FUNDS COLLEGE TARGET DATE SERIES,30
1553195,AMERICAN FUNDS CORPORATE BOND FUND,30
1584433,AMERICAN FUNDS DEVELOPING WORLD GROWTH & INCOME FUND,30
1660935,American Funds Emerging Markets Bond Fund,30
39473,AMERICAN FUNDS FUNDAMENTAL INVESTORS,30
1505612,AMERICAN FUNDS GLOBAL BALANCED FUND,30
770161,AMERICAN FUNDS INCOME SERIES,30
1553197,AMERICAN FUNDS INFLATION LINKED BOND FUND,30
729528,AMERICAN FUNDS INSURANCE SERIES,30
1496998,AMERICAN FUNDS MORTGAGE FUND,30
1537151,AMERICAN FUNDS PORTFOLIO SERIES,30
1640102,American Funds Retirement Income Portfolio Series,30
845376,AMERICAN FUNDS SHORT-TERM TAX-EXEMPT BOND FUND,30
1655146,AMERICAN FUNDS STRATEGIC BOND FUND,30
1380175,American Funds Target Date Retirement Series,30
794389,AMERICAN FUNDS TAX EXEMPT SERIES II / CA,30
1496999,AMERICAN FUNDS TAX-EXEMPT FUND OF NEW YORK,30
1454975,American Funds U.S. Government Money Market Fund,30
5138,AMERICAN GROWTH FUND INC,30
823620,AMERICAN HIGH INCOME TRUST,30
925950,AMERICAN HIGH-INCOME MUNICIPAL BOND FUND,30
1324443,American Independence Funds Trust,30
5506,AMERICAN MUTUAL FUND,30
764859,AMERICAN PENSION INVESTORS TRUST,30
1035215,AMERICAN SKANDIA MASTER TRUST,30
1089951,AMG FUNDS,30
882443,AMG Funds I,30
879947,AMG Funds II,30
720309,AMG FUNDS III,30
912036,AMG Funds IV,30
1074440,AMIDEX FUNDS INC,30
1633061,Amplify ETF Trust,30
726735,ANCHOR SERIES TRUST,30
1260667,ANCORA TRUST,30
1612930,Angel Oak Funds Trust,30
1444822,AQR Funds,30
707800,AQUILA FUNDS TRUST,30
784056,AQUILA MUNICIPAL TRUST,30
1105076,ARBITRAGE FUNDS,30
1477491,ARCHER INVESTMENT SERIES TRUST,30
798365,ARIEL INVESTMENT TRUST,30
1579982,Ark ETF Trust,30
1532206,Arrow ETF Trust,30
1527428,Arrow Investments Trust,30
935015,ARTISAN PARTNERS FUNDS INC,30
1498498,Ashmore Funds,30
1594854,Aspiration Funds,30
1534881,Aspiriant Trust,30
1336560,Asset Allocation Trust - DE,30
705318,ASSET MANAGEMENT FUND,30
1544657,Avenue Mutual Funds Trust,30
1614812,Avondale Funds,30
1160168,AXA PREMIER VIP TRUST,30
1031008,AZZAD FUNDS,30
1120543,BAILLIE GIFFORD FUNDS,30
1282693,BAIRD FUNDS INC,30
1577579,Barings Funds Trust,30
810902,BARON INVESTMENT FUNDS TRUST (f/k/a BARON ASSET FUND),30
1217673,BARON SELECT FUNDS,30
277585,"BARRETT OPPORTUNITY FUND, INC.",30
1342947,BBH Trust,30
1186233,BBIF GOVERNMENT SECURITIES FUND,30
1186231,BBIF MONEY FUND,30
1186235,BBIF TAX EXEMPT FUND,30
1186237,BBIF TREASURY FUND,30
1030979,BERKSHIRE FUNDS,30
1653463,Bernstein Fund Inc,30
1166729,BERNSTEIN SANFORD C FUND II INC,30
832808,BERNSTEIN SANFORD C FUND INC,30
1216907,BERTOLET CAPITAL TRUST,30
353480,BIF GOVERNMENT SECURITIES FUND,30
215457,BIF MONEY FUND,30
810598,BIF MULTI STATE MUNICIPAL SERIES TRUST,30
320281,BIF TAX EXEMPT FUND,30
869311,BIF TREASURY FUND,30
925737,BISHOP STREET FUNDS,30
922457,"BLACKROCK ADVANTAGE GLOBAL FUND, INC.",30
230382,"BlackRock Advantage U.S. Total Market Fund, Inc.",30
1221845,BLACKROCK ALLOCATION TARGET SHARES,30
202741,"BLACKROCK ASIAN DRAGON FUND, INC.",30
110055,"BLACKROCK BALANCED CAPITAL FUND, INC.",30
216557,"BLACKROCK BASIC VALUE FUND, INC.",30
276463,"BLACKROCK BOND FUND, INC.",30
765199,BLACKROCK CALIFORNIA MUNICIPAL SERIES TRUST,30
887509,"BlackRock Capital Appreciation Fund, Inc.",30
1582739,BlackRock CoRI Funds,30
849402,"BLACKROCK EMERGING MARKETS FUND, INC.",30
814507,BLACKROCK EQUITY DIVIDEND FUND,30
790525,BLACKROCK EUROFUND,30
353281,BLACKROCK FINANCIAL INSTITUTIONS SERIES TRUST,30
1097293,"BLACKROCK FOCUS GROWTH FUND, INC.",30
844779,BLACKROCK FUNDS,30
1398078,BlackRock Funds II,30
893818,BlackRock Funds III,30
1738074,BlackRock Funds IV,30
1738078,BlackRock Funds V,30
1738080,BlackRock Funds VI,30
834237,"BLACKROCK GLOBAL ALLOCATION FUND, INC.",30
1026144,"BLACKROCK INDEX FUNDS, INC.",30
1097077,"BLACKROCK LARGE CAP SERIES FUNDS, INC.",30
877151,"BLACKROCK LATIN AMERICA FUND, INC.",30
97098,BLACKROCK LIQUIDITY FUNDS,30
1324285,BlackRock Long-Horizon Equity Fund,30
1062805,BLACKROCK MASTER LLC,30
918848,"BLACKROCK MID CAP DIVIDEND SERIES, INC.",30
774013,BLACKROCK MULTI STATE MUNICIPAL SERIES TRUST,30
225635,"BLACKROCK MUNICIPAL BOND FUND, INC.",30
799113,BLACKROCK MUNICIPAL SERIES TRUST,30
766555,BLACKROCK NATURAL RESOURCES TRUST,30
1738073,"BlackRock Series Fund II, Inc.",30
319108,"BlackRock Series Fund, Inc.",30
1062806,"BLACKROCK SERIES, INC.",30
835620,"BlackRock Strategic Global Bond Fund, Inc.",30
1738072,"BlackRock Variable Series Funds II, Inc.",30
355916,"BlackRock Variable Series Funds, Inc.",30
1557794,Blackstone Alternative Investment Funds,30
1162127,BLUE CHIP INVESTOR FUNDS,30
889366,"BMO FUNDS, INC.",30
1698609,BMT Investment Funds,30
1635295,"BNY Mellon Absolute Insight Funds, Inc.",30
1111565,BNY MELLON FUNDS TRUST,30
13075,BOND FUND OF AMERICA,30
1140882,Boston Income Portfolio,30
882748,BOSTON TRUST & WALDEN FUNDS,30
1041003,BOYAR VALUE FUND INC,30
1170611,BRAGG CAPITAL TRUST,30
926678,BRANDES INVESTMENT TRUST,30
1317119,Bread & Butter Fund Inc.,30
1567101,Bridge Builder Trust,30
14170,BRIDGES INVESTMENT FUND INC,30
916006,BRIDGEWAY FUNDS INC,30
1126087,Brighthouse Funds Trust I,30
710826,Brighthouse Funds Trust II,30
1688680,Brinker Capital Destinations Trust,30
1586281,Broadview Funds Trust,30
1520738,Brookfield Investment Funds,30
1548609,Brown Advisory Funds,30
869351,Brown Capital Management Mutual Funds,30
47071,BRUCE FUND INC,30
1135300,BUFFALO FUNDS,30
1038199,BULLFINCH FUND INC,30
1079575,CALAMOS ADVISORS TRUST/IL,30
1579881,Calamos ETF Trust,30
826732,CALAMOS INVESTMENT TRUST/IL,30
864230,CALDWELL & ORKIN FUNDS INC,30
701039,CALVERT FUND,30
1121624,CALVERT IMPACT FUND INC,30
319676,Calvert Management Series,30
1105446,"Calvert Responsible Index Series, Inc.",30
356682,CALVERT SOCIAL INVESTMENT FUND,30
743773,"Calvert Variable Products, Inc.",30
708950,CALVERT VARIABLE SERIES INC,30
884110,CALVERT WORLD VALUES FUND INC,30
1529390,Cambria ETF Trust,30
93832,CAPITAL CASH MANAGEMENT TRUST,30
1527972,CAPITAL GROUP EMERGING MARKETS TOTAL OPPORTUNITIES FUND,30
1474365,CAPITAL GROUP PRIVATE CLIENT SERVICES FUNDS,30
811968,CAPITAL INCOME BUILDER,30
931491,CAPITAL MANAGEMENT INVESTMENT TRUST,30
812303,CAPITAL WORLD BOND FUND,30
894005,CAPITAL WORLD GROWTH & INCOME FUND,30
1587551,Capitol Series Trust,30
897111,CARILLON SERIES TRUST,30
791049,CASCADES TRUST,30
858372,CASH ACCOUNT TRUST,30
1156906,CAUSEWAY CAPITAL MANAGEMENT TRUST,30
1693128,Causeway ETMF Trust,30
864508,Cavanal Hill Funds,30
1295908,CENTAUR MUTUAL FUNDS TRUST,30
1663503,Centerstone Investors Trust,30
1517238,Centre Funds,30
1589161,CG Funds Trust,30
946730,CG VARIABLE LIFE INSURANCE SEPARATE ACCOUNT A,30
60335,CGM TRUST,30
857156,CHARLES SCHWAB FAMILY OF FUNDS,30
1697268,Chartwell Funds,30
893759,Chesapeake Investment Trust,30
19780,CHESTNUT STREET EXCHANGE FUND,30
1486174,Chou America Mutual Funds,30
763534,CHURCHILL CASH RESERVES TRUST,30
1167368,CITIZENSSELECT FUNDS,30
1026977,CITY NATIONAL ROCHDALE FUNDS,30
1506980,Clark Fork Trust,30
1364089,Claymore Exchange-Traded Fund Trust,30
1365662,Claymore Exchange-Traded Fund Trust 2,30
1660765,Clayton Street Trust,30
811161,CLEARWATER INVESTMENT TRUST,30
1316506,Clipper Funds Trust,30
1638872,Clough Funds Trust,30
1208252,CM ADVISORS FAMILY OF FUNDS,30
1600215,"Cohen & Steers Active Commodities Strategy Fund, Inc.",30
1307144,"Cohen & Steers Dividend Value Fund, Inc.",30
1276070,COHEN & STEERS GLOBAL INFRASTRUCTURE FUND INC,30
1033969,"COHEN & STEERS GLOBAL REALTY SHARES, INC",30
1361755,"Cohen & Steers Institutional Global Realty Shares, Inc.",30
1096903,COHEN & STEERS INSTITUTIONAL REALTY SHARES INC,30
1309161,"Cohen & Steers International Realty Fund, Inc.",30
1652200,"Cohen & Steers Low Duration Preferred & Income Fund, Inc.",30
1580956,"Cohen & Steers MLP & Energy Opportunity Fund, Inc.",30
1484750,"COHEN & STEERS PREFERRED SECURITIES & INCOME FUND, INC.",30
1533503,"Cohen & Steers Real Assets Fund, Inc.",30
1041917,COHEN & STEERS REAL ESTATE SECURITIES FUND INC,30
874505,COHEN & STEERS REALTY SHARES INC,30
1719812,Collaborative Investment Series Trust,30
777535,COLLEGE RETIREMENT EQUITIES FUND,31
810744,COLORADO BONDSHARES A TAX EXEMPT FUND,30
2110,COLUMBIA ACORN TRUST,30
1415845,Columbia ETF Trust,30
1551950,Columbia ETF Trust I,30
1450501,Columbia ETF Trust II,30
1097519,COLUMBIA FUNDS SERIES TRUST,30
773757,COLUMBIA FUNDS SERIES TRUST I,30
1352280,Columbia Funds Series Trust II,30
815425,COLUMBIA FUNDS VARIABLE INSURANCE TRUST,30
1413032,Columbia Funds Variable Series Trust II,30
926243,COMMERCE FUNDS,30
793601,COMMONWEALTH INTERNATIONAL SERIES TRUST,30
1078195,Community Capital Trust,30
1649227,Community Development Fund,30
830779,COMSTOCK FUNDS INC,30
822519,CONCORDE FUNDS INC,30
1175813,CONESTOGA FUNDS,30
875186,CONSULTING GROUP CAPITAL MARKETS FUNDS,30
1589025,CONTEXT CAPITAL FUNDS,30
1459065,Cook & Bynum Funds Trust,30
1502745,Copeland Trust,30
721291,COPLEY FUND INC /NV/,30
1104129,Core Bond Portfolio,30
789280,CORNERCAP GROUP OF FUNDS /VA/,30
1289519,"Cortina Funds, Inc.",30
1291446,Credit Suisse Commodity Strategy Funds,30
946110,CREDIT SUISSE OPPORTUNITY FUNDS,30
941568,CREDIT SUISSE TRUST,30
1322252,CRM Mutual Fund Trust,30
1617113,CSOP ETF Trust,30
1109957,CULLEN FUNDS TRUST,30
1716909,Cushing Mutual Funds Trust,30
892568,CUTLER TRUST,30
1670310,Davis Fundamental ETF Trust,30
71701,DAVIS NEW YORK VENTURE FUND INC,30
203002,DAVIS SERIES INC,30
1084060,DAVIS VARIABLE ACCOUNT FUND INC,30
1503123,DBX ETF Trust,30
910682,DELAWARE GROUP ADVISER FUNDS,30
230173,DELAWARE GROUP CASH RESERVE,30
27801,DELAWARE GROUP EQUITY FUNDS I,30
27574,DELAWARE GROUP EQUITY FUNDS II,30
778108,DELAWARE GROUP EQUITY FUNDS IV,30
809821,DELAWARE GROUP EQUITY FUNDS V,30
1048133,DELAWARE GROUP FOUNDATION FUNDS,30
875610,DELAWARE GROUP GLOBAL & INTERNATIONAL FUNDS,30
769220,DELAWARE GROUP GOVERNMENT FUND,30
27825,DELAWARE GROUP INCOME FUNDS,30
357059,DELAWARE GROUP LIMITED-TERM GOVERNMENT FUNDS,30
201670,DELAWARE GROUP STATE TAX-FREE INCOME TRUST,30
728352,DELAWARE GROUP TAX FREE FUND,30
875352,DELAWARE POOLED TRUST,30
814230,DELAWARE VIP TRUST,30
1492374,Destra Investment Trust,30
926425,DEUTSCHE DWS ASSET ALLOCATION TRUST,30
888568,DEUTSCHE DWS EQUITY 500 INDEX PORTFOLIO,30
793597,"DEUTSCHE DWS GLOBAL/INTERNATIONAL FUND, INC.",30
747677,DEUTSCHE DWS INCOME TRUST,30
862157,DEUTSCHE DWS INSTITUTIONAL FUNDS,30
88053,"DEUTSCHE DWS INTERNATIONAL FUND, INC.",30
88064,DEUTSCHE DWS INVESTMENT TRUST,30
1006373,DEUTSCHE DWS INVESTMENTS VIT FUNDS,30
95603,DEUTSCHE DWS MARKET TRUST,30
55189,DEUTSCHE DWS MONEY FUNDS,30
703642,DEUTSCHE DWS MONEY MARKET TRUST,30
203142,DEUTSCHE DWS MUNICIPAL TRUST,30
88063,DEUTSCHE DWS PORTFOLIO TRUST,30
88048,DEUTSCHE DWS SECURITIES TRUST,30
714287,DEUTSCHE DWS STATE TAX-FREE INCOME SERIES,30
711600,DEUTSCHE DWS TAX FREE TRUST,30
825062,"DEUTSCHE DWS VALUE SERIES, INC",30
764797,DEUTSCHE DWS VARIABLE SERIES I,30
810573,DEUTSCHE DWS VARIABLE SERIES II,30
854905,DEUTSCHE FUNDS TRUST,30
355437,DFA INVESTMENT DIMENSIONS GROUP INC,30
896162,DFA INVESTMENT TRUST CO,30
1032423,DIAMOND HILL FUNDS,30
896163,DIMENSIONAL EMERGING MARKETS VALUE FUND,30
861929,DIMENSIONAL INVESTMENT GROUP INC,30
1040587,DIREXION FUNDS,30
1424958,Direxion Shares ETF Trust,30
912751,Dividend Builder Portfolio,30
29440,DODGE & COX FUNDS,30
851680,DOMINI INVESTMENT TRUST,30
1480207,DoubleLine Funds Trust,30
867955,DREYFUS AMT-FREE MUNICIPAL CASH MANAGEMENT PLUS,30
878734,DREYFUS AMT-FREE NEW YORK MUNICIPAL CASH MANAGEMENT,30
318478,DREYFUS APPRECIATION FUND INC,30
885409,"DREYFUS BASIC MONEY MARKET FUND, INC",30
1591556,"Dreyfus BNY Mellon Funds, Inc.",30
75176,DREYFUS BOND FUNDS INC,30
759667,DREYFUS CASH MANAGEMENT,30
30146,DREYFUS FUND INC,30
38403,DREYFUS FUNDS INC,30
740766,DREYFUS GOVERNMENT CASH MANAGEMENT Funds,30
881780,DREYFUS GROWTH & INCOME FUND INC.,30
857114,DREYFUS INDEX FUNDS INC,30
1717375,Dreyfus Institutional Liquidity Funds,30
1038520,DREYFUS INSTITUTIONAL PREFERRED MONEY MARKET FUNDS,30
1423799,Dreyfus Institutional Reserves Funds,30
718935,"Dreyfus Intermediate Municipal Bond Fund, Inc.",30
897469,"Dreyfus International Funds, Inc.",30
799295,DREYFUS INVESTMENT FUNDS,30
889169,"Dreyfus Investment Grade Funds, Inc.",30
1056707,DREYFUS INVESTMENT PORTFOLIOS,30
53808,DREYFUS LAUREL FUNDS TRUST,30
30158,"DREYFUS LIQUID ASSETS, INC",30
1247088,DREYFUS MANAGER FUNDS I,30
1224568,DREYFUS MANAGER FUNDS II,30
875732,DREYFUS MIDCAP INDEX FUND INC,30
797923,DREYFUS MUNICIPAL BOND OPPORTUNITY FUND,30
878092,DREYFUS MUNICIPAL FUNDS INC,30
828475,DREYFUS NEW JERSEY MUNICIPAL BOND FUND INC,30
797920,DREYFUS NEW YORK AMT-FREE MUNICIPAL BOND FUND,30
723765,"Dreyfus New York Tax Exempt Bond Fund, Inc.",30
1111178,DREYFUS OPPORTUNITY FUNDS,30
720064,"DREYFUS PREMIER CALIFORNIA AMT-FREE MUNICIPAL BOND FUND, INC.",30
762156,"DREYFUS PREMIER GNMA FUND, INC",30
881773,"DREYFUS PREMIER INVESTMENT FUNDS, INC.",30
810305,DREYFUS PREMIER SHORT INTERMEDIATE MUNICIPAL BOND FUND,30
897569,DREYFUS PREMIER WORLDWIDE GROWTH FUND INC,30
30162,"DREYFUS RESEARCH GROWTH FUND, INC",30
806176,DREYFUS STATE MUNICIPAL BOND FUNDS,30
1199348,DREYFUS STOCK FUNDS,30
846800,DREYFUS STOCK INDEX FUND INC,30
30167,"Dreyfus Sustainable U.S. Equity Fund, Inc.",30
890064,"DREYFUS SUSTAINABLE U.S. EQUITY PORTFOLIO, INC.",30
740123,DREYFUS TAX EXEMPT CASH MANAGEMENT FUNDS,30
796251,DREYFUS TREASURY & AGENCY CASH MANAGEMENT,30
843781,DREYFUS TREASURY SECURITIES CASH MANAGEMENT,30
804887,DREYFUS ULTRA SHORT INCOME FUND,30
779131,Dreyfus US Treasury Intermediate Term Fund,30
779129,DREYFUS US TREASURY LONG TERM FUND,30
813383,DREYFUS VARIABLE INVESTMENT FUND,30
819940,DREYFUS/LAUREL FUNDS INC,30
1016073,DRIEHAUS MUTUAL FUNDS,30
1420040,Dunham Funds,30
311101,DUPREE MUTUAL FUNDS,30
1713879,E.M.O. Sterling Return LT Fund LP,30
771809,EAGLE CAPITAL APPRECIATION FUND,30
798075,EAGLE GROWTH & INCOME FUND,30
1116914,EATON VANCE FLOATING RATE PORTFOLIO/MA,30
102816,EATON VANCE GROWTH TRUST,30
779991,EATON VANCE INVESTMENT TRUST,30
778365,EATON VANCE MUNICIPALS TRUST,30
914529,EATON VANCE MUNICIPALS TRUST II,30
745463,EATON VANCE MUTUAL FUNDS TRUST,30
1573035,Eaton Vance NextShares Trust,30
1614522,Eaton Vance NextShares Trust II,30
1552324,"Eaton Vance Series Fund, Inc",30
102818,EATON VANCE SERIES TRUST,30
74663,EATON VANCE SERIES TRUST II,30
31266,EATON VANCE SPECIAL INVESTMENT TRUST,30
1121746,EATON VANCE VARIABLE TRUST,30
314650,EDWARD JONES MONEY MARKET FUND,30
1350049,EIP INVESTMENT TRUST,30
1655319,Elevation ETF Trust,30
821484,ELFUN DIVERSIFIED FUND,30
855630,ELFUN GOVERNMENT MONEY MARKET FUND,30
717854,ELFUN INCOME FUND,30
817656,ELFUN INTERNATIONAL EQUITY FUND,30
215740,ELFUN TAX EXEMPT INCOME FUND,30
32339,ELFUN TRUSTS,30
794458,EMERGING MARKETS GROWTH FUND INC,30
1394395,Emerging Markets Local Income Portfolio,30
1495922,EntrepreneurShares Series Trust,30
1377031,EPIPHANY FUNDS,30
1027263,EQ ADVISORS TRUST,30
1498272,Equinox Funds Trust,30
1467831,ETF Managers Trust,30
1540305,ETF Series Solutions,30
1559109,ETFis Series Trust I,30
1597934,ETFS Trust,30
1606378,Eubel Brady & Suttman Mutual Fund Trust,30
719603,EUROPACIFIC GROWTH FUND,30
1472754,Evermore Funds Trust,30
1547950,Exchange Listed Funds Trust,30
1452937,EXCHANGE TRADED CONCEPTS TRUST,30
1096344,FAIRHOLME FUNDS INC,30
1738075,"FDP Series II, Inc.",30
1321652,"FDP Series, Inc.",30
771524,FEDERATED ADJUSTABLE RATE SECURITIES FUND,30
1034106,FEDERATED CORE TRUST,30
1411674,Federated Core Trust III,30
745968,FEDERATED EQUITY FUNDS,30
799704,FEDERATED EQUITY INCOME FUND INC,30
879569,FEDERATED FIXED INCOME SECURITIES INC,30
13386,FEDERATED GLOBAL ALLOCATION FUND,30
355691,FEDERATED GOVERNMENT INCOME SECURITIES INC,30
357052,FEDERATED GOVERNMENT INCOME TRUST,30
225318,FEDERATED HIGH INCOME BOND FUND INC,30
745967,FEDERATED HIGH YIELD TRUST,30
789281,FEDERATED INCOME SECURITIES TRUST,30
861469,FEDERATED INDEX TRUST,30
925723,FEDERATED INSTITUTIONAL TRUST,30
912577,FEDERATED INSURANCE SERIES,30
742286,FEDERATED INTERNATIONAL SERIES INC,30
889388,FEDERATED INVESTMENT SERIES FUNDS INC,30
1340579,Federated Managed Pool Series,30
1707560,Federated MDT Equity Trust,30
357236,FEDERATED MDT LARGE CAP VALUE FUND,30
1363526,Federated MDT Series,30
201801,FEDERATED MUNICIPAL BOND FUND INC,30
866700,FEDERATED MUNICIPAL SECURITIES INCOME TRUST,30
353101,FEDERATED SHORT-INTERMEDIATE DURATION MUNICIPAL TRUST,30
946868,FEDERATED TOTAL RETURN GOVERNMENT BOND FUND,30
912763,FEDERATED TOTAL RETURN SERIES INC,30
739594,FEDERATED U S GOVERNMENT SECURITIES FUND 1-3 YEARS,30
357159,FEDERATED U S GOVERNMENT SECURITIES FUND 2-5 YEARS,30
918199,FEDERATED WORLD INVESTMENT SERIES INC,30
797136,FENIMORE ASSET MANAGEMENT TRUST,30
880195,FIDELITY ABERDEEN STREET TRUST,30
722574,FIDELITY ADVISOR SERIES I,30
795422,FIDELITY ADVISOR SERIES II,30
719451,FIDELITY ADVISOR SERIES IV,30
315700,FIDELITY ADVISOR SERIES VII,30
729218,FIDELITY ADVISOR SERIES VIII,30
311884,FIDELITY BEACON STREET TRUST,30
700859,FIDELITY BOYLSTON STREET TRUST,30
718891,FIDELITY CALIFORNIA MUNICIPAL TRUST,30
878662,FIDELITY CALIFORNIA MUNICIPAL TRUST II,30
275309,FIDELITY CAPITAL TRUST,30
1401097,Fidelity Central Investment Portfolios II LLC,30
1303459,Fidelity Central Investment Portfolios LLC,30
354046,FIDELITY CHARLES STREET TRUST,30
356173,Fidelity Colchester Street Trust,30
205323,FIDELITY COMMONWEALTH TRUST,30
1364923,Fidelity Commonwealth Trust II,30
819118,FIDELITY CONCORD STREET TRUST,30
23355,FIDELITY CONGRESS STREET FUND,30
24238,FIDELITY CONTRAFUND,30
225323,FIDELITY COURT STREET TRUST,30
880709,FIDELITY COURT STREET TRUST II,30
945908,FIDELITY COVINGTON TRUST,30
35331,FIDELITY DESTINY PORTFOLIOS,30
35341,FIDELITY DEVONSHIRE TRUST,30
320254,FIDELITY EXCHANGE FUND,30
708191,FIDELITY FINANCIAL TRUST,30
803013,FIDELITY GARRISON STREET TRUST,30
702533,FIDELITY HANOVER STREET TRUST,30
35348,FIDELITY HASTINGS STREET TRUST,30
917286,FIDELITY HEREFORD STREET TRUST,30
751199,FIDELITY INCOME FUND /MA/,30
744822,FIDELITY INVESTMENT TRUST,30
61397,FIDELITY MAGELLAN FUND,30
357057,FIDELITY MASSACHUSETTS MUNICIPAL TRUST,30
1714560,Fidelity Master Portfolios LLC,30
1562565,Fidelity Merrimack Street Trust,30
276516,FIDELITY MONEY MARKET TRUST,30
707823,FIDELITY MT VERNON STREET TRUST,30
35373,FIDELITY MUNICIPAL TRUST,30
880799,FIDELITY MUNICIPAL TRUST II,30
718581,FIDELITY NEW YORK MUNICIPAL TRUST,30
878663,FIDELITY NEW YORK MUNICIPAL TRUST II,30
704207,Fidelity Newbury Street Trust,30
28540,FIDELITY OXFORD STREET TRUST,30
1586462,Fidelity Oxford Street Trust II,30
278001,FIDELITY PHILLIPS STREET TRUST,30
81205,FIDELITY PURITAN TRUST,30
1022695,FIDELITY REVERE STREET TRUST,30
1265551,FIDELITY RUTLAND SQUARE TRUST,30
1364924,Fidelity Rutland Square Trust II,30
35315,FIDELITY SALEM STREET TRUST,30
215829,FIDELITY SCHOOL STREET TRUST,30
754510,FIDELITY SECURITIES FUND,30
320351,FIDELITY SELECT PORTFOLIOS,30
225322,FIDELITY SUMMER STREET TRUST,30
35402,FIDELITY TREND FUND,30
35330,FIDELITY UNION STREET TRUST,30
880797,FIDELITY UNION STREET TRUST II,30
1691994,Fiera Capital Series Trust,30
915802,FINANCIAL INVESTORS TRUST,30
356134,FIRST AMERICAN FUNDS INC,30
906352,FIRST EAGLE FUNDS,30
1000249,FIRST EAGLE VARIABLE FUNDS,30
886048,FIRST INVESTORS EQUITY FUNDS,30
740967,FIRST INVESTORS INCOME FUNDS,30
770906,FIRST INVESTORS LIFE SERIES FUNDS,30
716792,FIRST INVESTORS TAX EXEMPT FUNDS,30
1383496,FIRST TRUST EXCHANGE-TRADED ALPHADEX FUND,30
1510337,FIRST TRUST EXCHANGE-TRADED ALPHADEX FUND II,30
1329377,FIRST TRUST EXCHANGE-TRADED FUND,30
1364608,FIRST TRUST EXCHANGE-TRADED FUND II,30
1424212,First Trust Exchange-Traded Fund III,30
1517936,FIRST TRUST EXCHANGE-TRADED FUND IV,30
1549548,FIRST TRUST EXCHANGE-TRADED FUND V,30
1552740,FIRST TRUST EXCHANGE-TRADED FUND VI,30
1561785,FIRST TRUST EXCHANGE-TRADED FUND VII,30
1667919,FIRST TRUST EXCHANGE-TRADED FUND VIII,30
1497778,FIRST TRUST SERIES FUND,30
1537395,FIRST TRUST VARIABLE INSURANCE TRUST,30
1546416,First Western Funds Trust,30
917124,FIRSTHAND FUNDS,30
1491978,FlexShares Trust,30
1023391,FMI FUNDS INC,30
1088323,FORESTER FUNDS INC,30
1580353,Forethought Variable Insurance Trust,30
315774,FORUM FUNDS,30
1576367,FORUM FUNDS II,30
889188,Forward Funds,30
99188,FPA CAPITAL FUND INC,30
924727,FPA FUNDS TRUST,30
99203,FPA NEW INCOME INC,30
76210,FPA PARAMOUNT FUND INC,30
732041,FPA U.S. VALUE FUND INC,30
1479599,FQF Trust,30
1281790,FRANK FUNDS,30
1535538,Franklin Alternative Strategies Funds,30
225375,FRANKLIN CALIFORNIA TAX FREE INCOME FUND,30
773478,FRANKLIN CALIFORNIA TAX FREE TRUST,30
38721,FRANKLIN CUSTODIAN FUNDS,30
1551895,Franklin ETF Trust,30
357310,FRANKLIN FEDERAL TAX FREE INCOME FUND,30
1109441,FRANKLIN FLOATING RATE MASTER TRUST,30
1022804,FRANKLIN FUND ALLOCATOR SERIES,30
1124459,FRANKLIN GLOBAL TRUST,30
83293,FRANKLIN GOLD & PRECIOUS METALS FUND,30
2768,FRANKLIN HIGH INCOME TRUST,30
809707,FRANKLIN INVESTORS SECURITIES TRUST,30
805650,FRANKLIN MANAGED TRUST,30
881309,FRANKLIN MUNICIPAL SECURITIES TRUST,30
825063,FRANKLIN MUTUAL SERIES FUNDS,30
703112,FRANKLIN NEW YORK TAX FREE INCOME FUND,30
798523,FRANKLIN NEW YORK TAX FREE TRUST,30
912291,FRANKLIN REAL ESTATE SECURITIES TRUST,30
893226,FRANKLIN STRATEGIC MORTGAGE PORTFOLIO,30
872625,FRANKLIN STRATEGIC SERIES,30
757010,FRANKLIN TAX FREE TRUST,30
1655589,Franklin Templeton ETF Trust,30
780379,FRANKLIN TEMPLETON GLOBAL TRUST,30
876441,FRANKLIN TEMPLETON INTERNATIONAL TRUST,30
936373,FRANKLIN TEMPLETON MONEY FUND TRUST,30
837274,FRANKLIN TEMPLETON VARIABLE INSURANCE PRODUCTS TRUST,30
38778,FRANKLIN U.S. GOVERNMENT MONEY FUND,30
856119,FRANKLIN VALUE INVESTORS TRUST,30
1014913,"FRONTIER FUNDS, INC.",30
1691167,FS Series Trust,30
814079,Funds For Institutions Series,30
1602508,FundX Investment Trust,30
1394166,"Gabelli 787 Fund, Inc.",30
783898,GABELLI ASSET FUND,30
901246,GABELLI CAPITAL SERIES FUNDS INC,30
1086884,GABELLI DIVIDEND GROWTH FUND,30
877670,GABELLI EQUITY SERIES FUNDS INC,30
1391839,"Gabelli ESG Fund, Inc.",30
923459,"Gabelli Gold Fund, Inc.",30
893783,GABELLI INVESTOR FUNDS INC,30
888129,GABELLI MONEY MARKET FUNDS,30
1637520,GABELLI NEXTSHARES TRUST,30
1087966,GABELLI UTILITIES FUND,30
853438,GABELLI VALUE 25 FUND INC,30
1726263,Gadsden ETF Trust,30
1651872,Gallery Trust,30
909504,"GAMCO GLOBAL SERIES FUNDS, INC",30
806857,GAMCO GROWTH FUND,30
925463,"GAMCO INTERNATIONAL GROWTH FUND, INC",30
63210,GAMCO MATHERS FUND,30
1406305,Gateway Trust,30
1567138,Gator Series Trust,30
803951,GENERAL CALIFORNIA MUNICIPAL MONEY MARKET FUND,30
312586,GENERAL ELECTRIC RSP INCOME FUND,30
40559,GENERAL ELECTRIC RSP U.S. EQUITY FUND,30
702172,GENERAL GOVERNMENT SECURITIES MONEY MARKET FUNDS INC,30
353560,GENERAL MONEY MARKET FUND INC,30
703153,GENERAL MUNICIPAL MONEY MARKET FUNDS INC,30
831363,"GENERAL NEW JERSEY MUNICIPAL MONEY MARKET FUND, INC",30
803950,GENERAL NEW YORK AMT-FREE MUNICIPAL MONEY MARKET FUND,30
81259,GEORGE PUTNAM BALANCED FUND,30
835663,GLENMEDE FUND INC,30
884381,GLENMEDE PORTFOLIOS,30
1668984,Global Income Builder Portfolio,30
1493214,Global Macro Absolute Return Advantage Portfolio,30
1588812,Global Macro Capital Opportunities Portfolio,30
918706,Global Macro Portfolio,30
1475712,Global Opportunities Portfolio,30
1432353,Global X Funds,30
1521894,GMO Series Trust,30
772129,GMO TRUST,30
1680255,Goehring & Rozencwajg Investment Funds,30
1479026,Goldman Sachs ETF Trust,30
822977,GOLDMAN SACHS TRUST,30
1557156,Goldman Sachs Trust II,30
1046292,GOLDMAN SACHS VARIABLE INSURANCE TRUST,30
1661813,GoodHaven Funds Trust,30
862064,GOVERNMENT CASH MANAGEMENT PORTFOLIO,30
912747,GOVERNMENT OBLIGATIONS PORTFOLIO,30
1131042,GPS Funds I,30
1504079,GPS Funds II,30
1496315,Grand Prix Investors Trust,30
1689873,GraniteShares ETF Trust,30
356476,GREAT-WEST FUNDS INC,30
918701,GREATER INDIA PORTFOLIO,30
877232,GREEN CENTURY FUNDS,30
711322,GREENSPRING FUND INC,30
44201,GROWTH FUND OF AMERICA,30
1175330,Growth Portfolio,30
1668512,Guardian Variable Products Trust,30
88525,GUGGENHEIM FUNDS TRUST,30
1601445,Guggenheim Strategy Funds Trust,30
217087,Guggenheim Variable Funds Trust,30
1131013,GuideStone Funds,30
919160,GUINNESS ATKINSON FUNDS,30
793769,HARBOR FUNDS,30
1018170,HARDING LOEVNER FUNDS INC,30
872323,HARRIS ASSOCIATES INVESTMENT TRUST,30
1501825,Hartford Funds Exchange-Traded Trust,30
1698894,Hartford Funds Master Fund,30
1638024,Hartford Funds NextShares Trust,30
790558,HARTFORD HLS SERIES FUND II INC,30
49905,HARTFORD MUTUAL FUNDS II INC,30
1006415,HARTFORD MUTUAL FUNDS INC/CT,30
1053425,HARTFORD SERIES FUND INC,30
1716063,Harvest Volatility Edge Trust,30
750909,HAWAIIAN TAX FREE TRUST,30
934563,HC CAPITAL TRUST,30
809586,HEARTLAND GROUP INC,30
891944,HENNESSY FUNDS TRUST,30
1055744,HENSSLER FUNDS INC,30
921370,HIGH INCOME OPPORTUNITIES PORTFOLIO,30
1669930,High Yield Municipal Income Portfolio,30
1354917,Highland Funds I,30
891079,HIGHLAND FUNDS II,30
1710682,HIGHLAND GLOBAL ALLOCATION FUND II,30
1122649,HILLMAN CAPITAL MANAGEMENT INVESTMENT TRUST,30
1546585,HIMCO Variable Insurance Trust,30
947441,HOLLAND SERIES FUND INC,30
865733,HOMESTEAD FUNDS INC,30
1643174,Horizon Funds,30
1551030,Horizons ETF Trust I,30
1145022,HOTCHKIS & WILEY FUNDS /DE/,30
798290,HSBC FUNDS,30
1110502,HUSSMAN INVESTMENT TRUST,30
1025770,ICON FUNDS,30
1722388,Impact Shares Trust I,30
50013,INCOME FUND OF AMERICA,30
1345125,Index Funds,30
1426439,IndexIQ Active ETF Trust,30
1415995,IndexIQ ETF Trust,30
1427789,IndexIQ Trust,30
1415726,Innovator ETFs Trust,30
1595106,Innovator ETFs Trust II,30
765485,INSTITUTIONAL FIDUCIARY TRUST,30
893730,INTEGRITY FUNDS,30
826813,INTERMEDIATE BOND FUND OF AMERICA,30
770116,INTERMEDIATE MUNICIPAL TRUST,30
1439297,INTERNATIONAL GROWTH & INCOME FUND,30
1394396,International Income Portfolio,30
1300746,Intrepid Capital Management Funds Trust,30
1595386,Invesco Actively Managed Exchange-Traded Commodity Fund Trust,30
1418144,INVESCO ACTIVELY MANAGED EXCHANGE-TRADED FUND TRUST,30
5100,Invesco Exchange Fund,30
1209466,INVESCO EXCHANGE-TRADED FUND TRUST,30
1378872,Invesco Exchange-Traded Fund Trust II,30
1657201,Invesco Exchange-Traded Self-Indexed Fund Trust,30
1419139,Invesco India Exchange-Traded Fund Trust,30
1605283,Invesco Management Trust,30
1560704,Invesco Securities Trust,30
1141323,INVESTED PORTFOLIOS,30
51931,INVESTMENT CO OF AMERICA,30
1160363,INVESTMENT HOUSE FUNDS,30
1318342,Investment Managers Series Trust,30
1587982,Investment Managers Series Trust II,30
863209,INVESTORS CASH TRUST,30
1487592,"IronBridge Funds, Inc.",30
930667,iSHARES INC,30
1100663,iSHARES TRUST,30
1524513,iShares U.S. ETF Trust,30
1437921,IVA Fiduciary Trust,30
883622,IVY FUNDS,30
1648566,Ivy NextShares,30
810016,Ivy Variable Insurance Portfolios,30
1485894,J.P. Morgan Exchange-Traded Fund Trust,30
1532747,JACKSON VARIABLE SERIES TRUST,30
1090372,Jacob Funds Inc.,30
1045487,JAMES ADVANTAGE FUNDS,30
906185,JANUS ASPEN SERIES,30
1500604,Janus Detroit Street Trust,30
277751,JANUS INVESTMENT FUND,30
887215,"JENSEN QUALITY GROWTH FUND, INC.",30
1121257,JNL INVESTORS SERIES TRUST,30
933691,JNL SERIES TRUST,30
1555553,JNL Strategic Income Fund LLC,30
1072428,JNL VARIABLE FUND LLC,30
315554,JOHN HANCOCK BOND TRUST,30
856671,JOHN HANCOCK CALIFORNIA TAX-FREE INCOME FUND,30
45291,JOHN HANCOCK CAPITAL SERIES,30
1631942,John Hancock Collateral Trust,30
26262,JOHN HANCOCK CURRENT INTEREST,30
1478482,John Hancock Exchange-Traded Fund Trust,30
1331971,John Hancock Funds II,30
1329954,John Hancock Funds III,30
22370,JOHN HANCOCK INVESTMENT TRUST,30
743861,JOHN HANCOCK INVESTMENT TRUST II,30
791271,JOHN HANCOCK INVESTMENT TRUST III,30
857769,JOHN HANCOCK MUNICIPAL SECURITIES TRUST,30
45288,JOHN HANCOCK SOVEREIGN BOND FUND,30
792858,JOHN HANCOCK STRATEGIC SERIES,30
756913,JOHN HANCOCK VARIABLE INSURANCE TRUST,30
892657,JOHNSON MUTUAL FUNDS TRUST,30
1037897,JP MORGAN FLEMING MUTUAL FUND GROUP INC,30
803747,JP MORGAN MUTUAL FUND INVESTMENT TRUST,30
1303608,JPMorgan Institutional Trust,30
909221,JPMORGAN INSURANCE TRUST,30
1217286,JPMorgan Trust I,30
763852,JPMORGAN TRUST II,30
1592106,JPMorgan Trust III,30
1659326,JPMorgan Trust IV,30
1324203,"Keeley Funds, Inc.",30
1083387,KINETICS MUTUAL FUNDS INC,30
1113229,KINETICS PORTFOLIOS TRUST,30
1071196,KIRR MARBACH PARTNERS FUNDS INC,30
1573386,KP Funds,30
1547576,Krane Shares Trust,30
925460,LARGE-CAP VALUE PORTFOLIO,30
1605803,Lattice Strategies Trust,30
832545,LAUDUS TRUST,30
874964,LAZARD FUNDS INC,30
1033669,LAZARD RETIREMENT SERIES INC,30
837351,"LEE FINANCIAL MUTUAL FUND, INC.",30
1508033,LEEWARD INVESTMENT TRUST,30
1645194,Legg Mason ETF Investment Trust,30
1656558,Legg Mason Funds Trust,30
1474103,Legg Mason Global Asset Management Trust,30
1541759,Legg Mason Investment Trust,30
880366,LEGG MASON PARTNERS EQUITY TRUST,30
764624,LEGG MASON PARTNERS INCOME TRUST,30
889512,LEGG MASON PARTNERS INSTITUTIONAL TRUST,30
747576,LEGG MASON PARTNERS MONEY MARKET TRUST,30
850628,LEGG MASON PARTNERS PREMIUM MONEY MARKET TRUST,30
1176343,LEGG MASON PARTNERS VARIABLE EQUITY TRUST,30
874835,LEGG MASON PARTNERS VARIABLE INCOME TRUST,30
1000351,LEUTHOLD FUNDS INC,30
909427,LIMITED TERM TAX EXEMPT BOND FUND OF AMERICA,30
914036,LINCOLN VARIABLE INSURANCE PRODUCTS TRUST,30
1020425,LITMAN GREGORY FUNDS TRUST,30
918942,LKCM Funds,30
1506768,LoCorr Investment Trust,30
806636,LONGLEAF PARTNERS FUNDS TRUST,30
917469,LOOMIS SAYLES FUNDS I,30
872649,LOOMIS SAYLES FUNDS II,30
2691,LORD ABBETT AFFILIATED FUND INC,30
60365,LORD ABBETT BOND DEBENTURE FUND INC,30
276914,"LORD ABBETT DEVELOPING GROWTH FUND, INC.",30
1139819,LORD ABBETT EQUITY TRUST,30
829901,LORD ABBETT GLOBAL FUND INC,30
911507,LORD ABBETT INVESTMENT TRUST,30
716788,LORD ABBETT MID CAP STOCK FUND INC,30
737800,LORD ABBETT MUNICIPAL INCOME FUND INC,30
887194,LORD ABBETT RESEARCH FUND INC,30
898031,LORD ABBETT SECURITIES TRUST,30
855396,LORD ABBETT SERIES FUND INC,30
311635,LORD ABBETT US GOV & GOV SPONSORED ENTERPR MONEY MARKET FUND,30
918949,LORD ASSET MANAGEMENT TRUST,30
948258,M FUND INC,30
1643838,M3Sixty Funds Trust,30
1040612,MADISON FUNDS,30
1505064,MainGate Trust,30
787441,MAINSTAY FUNDS,30
1469192,MAINSTAY FUNDS TRUST,30
887340,MAINSTAY VP FUNDS TRUST,30
1521353,Mairs & Power Funds Trust,30
1732055,Majority Shares ETF Trust,30
1323737,Managed Account Series,30
1738079,Managed Account Series II,30
1511699,Managed Portfolio Series,30
1359057,Manager Directed Portfolios,30
751173,"MANNING & NAPIER FUND, INC.",30
1003924,MANOR INVESTMENT FUNDS INC,30
1047112,MARSICO INVESTMENT FUND,30
63090,MASSACHUSETTS INVESTORS GROWTH STOCK FUND,30
63091,MASSACHUSETTS INVESTORS TRUST,30
927972,MASSMUTUAL PREMIER FUNDS,30
916053,MASSMUTUAL SELECT FUNDS,30
1114697,MASTER ADVANTAGE U.S. TOTAL MARKET LLC,30
1264926,MASTER BOND LLC,30
1097290,MASTER FOCUS GROWTH LLC,30
1186241,MASTER GOVERNMENT SECURITIES LLC,30
1161852,MASTER INSTITUTIONAL MONEY MARKET LLC,30
915092,MASTER INVESTMENT PORTFOLIO,30
1738077,Master Investment Portfolio II,30
1095789,MASTER LARGE CAP SERIES LLC,30
1186239,MASTER MONEY LLC,30
1140869,MASTER PORTFOLIO TRUST,30
1186243,MASTER TAX EXEMPT LLC,30
1186244,MASTER TREASURY LLC,30
1403166,Master Trust,30
1679949,Matrix Advisors Funds Trust,30
720498,MATRIX ADVISORS VALUE FUND INC,30
1003839,MATTHEW 25 FUND,30
923184,MATTHEWS INTERNATIONAL FUNDS,30
702435,Meeder Funds,30
1320615,Mercer Funds,30
701804,MERGER FUND,30
1208133,MERGER FUND VL,30
745467,MERIDIAN FUND INC,30
1028621,METROPOLITAN WEST FUNDS,30
1392417,"MFS INSTITUTIONAL MONEY MARKET PORTFOLIO, A SERIES OF THE MFS SERIES TRUST XIV",30
867969,MFS INSTITUTIONAL TRUST,30
751656,MFS MUNICIPAL SERIES TRUST,30
798244,MFS SERIES TRUST I,30
798250,MFS SERIES TRUST II,30
225604,MFS SERIES TRUST III,30
63068,MFS SERIES TRUST IV,30
63075,MFS SERIES TRUST IX,30
200489,MFS SERIES TRUST V,30
863032,MFS SERIES TRUST VI,30
318874,MFS SERIES TRUST VII,30
819673,MFS SERIES TRUST VIII,30
783740,MFS SERIES TRUST X,30
911637,MFS SERIES TRUST XI,30
1330967,MFS SERIES TRUST XII,30
356349,MFS SERIES TRUST XIII,30
764719,MFS SERIES TRUST XV,30
63067,MFS SERIES TRUST XVI,30
918571,MFS VARIABLE INSURANCE TRUST,30
719269,MFS VARIABLE INSURANCE TRUST II,30
1065698,MFS VARIABLE INSURANCE TRUST III,30
1054816,MH ELITE PORTFOLIO OF FUNDS TRUST,30
770200,Midas Series Trust,30
934348,"MILES FUNDS, INC.",30
1414039,Miller Investment Trust,30
1657267,Miller/Howard Funds Trust,30
1489215,Mirae Asset Discovery Funds,30
67160,MML SERIES INVESTMENT FUND,30
1317146,MML Series Investment Fund II,30
894240,MONETTA TRUST,30
856517,MONEY MARKET OBLIGATIONS TRUST,30
890089,MONEY MARKET PORTFOLIOS,30
1045701,Monteagle Funds,30
1559098,MORGAN CREEK SERIES TRUST,30
832705,MORGAN STANLEY CALIF TAX FREE DAILY INCOME TRUST,30
860720,MORGAN STANLEY EUROPEAN EQUITY FUND INC.,30
882381,MORGAN STANLEY GLOBAL FIXED INCOME OPPORTUNITIES FUND,30
836487,MORGAN STANLEY INSTITUTIONAL FUND INC,30
741375,MORGAN STANLEY INSTITUTIONAL FUND TRUST,30
1227155,MORGAN STANLEY INSTITUTIONAL LIQUIDITY FUNDS,30
806564,MORGAN STANLEY MORTGAGE SECURITIES TRUST,30
1002427,MORGAN STANLEY MULTI CAP GROWTH TRUST,30
859037,MORGAN STANLEY NY MUNICIPAL MONEY MARKET TRUST,30
924394,MORGAN STANLEY SELECT DIMENSIONS INVESTMENT SERIES,30
315812,MORGAN STANLEY TAX FREE DAILY INCOME TRUST,30
356409,MORGAN STANLEY US GOVERNMENT MONEY MARKET TRUST,30
730044,MORGAN STANLEY US GOVERNMENT SECURITIES TRUST,30
1011378,MORGAN STANLEY VARIABLE INSURANCE FUND INC.,30
716716,MORGAN STANLEY VARIABLE INVESTMENT SERIES,30
1699360,Morningstar Funds Trust,30
1338268,Mount Vernon Securities Lending Trust,30
1071873,MP63 FUND INC,30
1493396,MSAR Completion Portfolio,30
1368578,MSS Series Trust,30
1566196,Multisector Income Portfolio,30
1293530,MUNDOVAL FUNDS,30
810695,Mutual Fund & Variable Insurance Trust,30
1355064,MUTUAL FUND SERIES TRUST,30
934699,MUTUAL OF AMERICA INSTITUTIONAL FUNDS INC,30
795259,MUTUAL OF AMERICA INVESTMENT CORP,30
1048702,NATIONWIDE MUTUAL FUNDS,30
353905,NATIONWIDE VARIABLE INSURANCE TRUST,30
1526787,Natixis ETF Trust,30
770540,Natixis Funds Trust I,30
52136,Natixis Funds Trust II,30
1095726,Natixis Funds Trust IV,30
1002537,NEEDHAM FUNDS INC,30
1215880,NEIMAN FUNDS,30
736913,NEUBERGER BERMAN ADVISERS MANAGEMENT TRUST,30
1317474,NEUBERGER BERMAN ALTERNATIVE FUNDS,30
44402,NEUBERGER BERMAN EQUITY FUNDS,30
723620,NEUBERGER BERMAN INCOME FUNDS,30
355767,NEW ALTERNATIVES FUND,30
1070222,NEW COVENANT FUNDS,30
719608,NEW ECONOMY FUND,30
71516,NEW PERSPECTIVE FUND,30
1073330,NEW WORLD FUND INC,30
913131,"NICHOLAS EQUITY INCOME FUND, INC.",30
71958,"NICHOLAS FUND, INC.",30
107822,"NICHOLAS HIGH INCOME FUND, INC.",30
723455,"NICHOLAS II, INC",30
809802,"NICHOLAS Ltd EDITION, INC.",30
1481686,Nile Capital Investment Trust,30
702149,NORTH CAROLINA CAPITAL MANAGEMENT TRUST,30
1123460,NORTH COUNTRY FUNDS,30
72760,NORTHEAST INVESTORS TRUST,30
916620,NORTHERN FUNDS,30
710124,NORTHERN INSTITUTIONAL FUNDS,30
1314414,Northern Lights Fund Trust,30
1518042,NORTHERN LIGHTS FUND TRUST II,30
1537140,NORTHERN LIGHTS FUND TRUST III,30
1644419,Northern Lights Fund Trust IV,30
1352621,Northern Lights Variable Trust,30
1142728,NORTHQUEST CAPITAL FUND  INC,30
742212,NORTHWESTERN MUTUAL SERIES FUND INC,30
1635073,Nushares ETF Trust,30
1020661,NUVEEN  MULTISTATE TRUST III,30
820892,NUVEEN INVESTMENT FUNDS INC,30
1013881,NUVEEN INVESTMENT TRUST,30
1041673,NUVEEN INVESTMENT TRUST II,30
1071336,NUVEEN INVESTMENT TRUST III,30
1380786,Nuveen Investment Trust V,30
1390204,Nuveen Managed Accounts Portfolios Trust,30
1018972,NUVEEN MULTISTATE TRUST I,30
1018975,NUVEEN MULTISTATE TRUST II /MA/,30
1018973,NUVEEN MULTISTATE TRUST IV,30
1020660,NUVEEN MUNICIPAL TRUST/MA,30
1017927,"NUVEEN STRATEGY FUNDS, INC.",30
1027657,NYSA SERIES TRUST,30
1050918,OAK ASSOCIATES FUNDS,30
1618737,Oaktree Funds,30
803020,OBERWEIS FUNDS,30
745338,OCM MUTUAL FUND,30
1697504,OFI FUNDS TRUST,30
1712303,OFI SteelPath Series Trust,30
315754,OHIO NATIONAL FUND INC,30
909994,OLD WESTBURY FUNDS INC,30
944690,OLSTEIN FUNDS,30
319767,OPPENHEIMER CAPITAL APPRECIATION FUND,30
45156,OPPENHEIMER CAPITAL INCOME FUND,30
1018862,OPPENHEIMER COMMODITY STRATEGY TOTAL RETURN FUND,30
1468042,Oppenheimer Corporate Bond Fund,30
1015986,OPPENHEIMER DEVELOPING MARKETS FUND,30
777547,OPPENHEIMER DISCOVERY FUND,30
1121966,OPPENHEIMER DISCOVERY MID CAP GROWTH FUND,30
1191290,OPPENHEIMER DIVIDEND OPPORTUNITY FUND,30
1600584,Oppenheimer Emerging Markets Innovators Fund,30
1488175,Oppenheimer Emerging Markets Local Debt Fund,30
45147,OPPENHEIMER EQUITY FUND,30
799029,OPPENHEIMER EQUITY INCOME FUND,30
1384032,Oppenheimer ETF Trust,30
1740620,Oppenheimer ETF Trust II,30
1405969,Oppenheimer Global Focus Fund,30
74658,OPPENHEIMER GLOBAL FUND,30
1530245,Oppenheimer Global High Yield Fund,30
1368083,Oppenheimer Global Multi Strategies Fund,30
1560050,Oppenheimer Global Multi-Alternatives Fund.,30
1640924,Oppenheimer Global Multi-Asset Growth Fund,30
1617762,Oppenheimer Global Multi-Asset Income Fund,30
861457,OPPENHEIMER GLOBAL OPPORTUNITIES FUND,30
1562689,Oppenheimer Global Real Estate Fund,30
850134,OPPENHEIMER GLOBAL STRATEGIC INCOME FUND,30
716836,OPPENHEIMER GOLD & SPECIAL MINERALS FUND,30
836423,OPPENHEIMER GOVERNMENT CASH RESERVES,30
74673,OPPENHEIMER GOVERNMENT MONEY MARKET FUND,30
1358587,Oppenheimer Institutional Government Money Market Fund,30
701265,OPPENHEIMER INTEGRITY FUNDS,30
1417386,OPPENHEIMER INTERMEDIATE TERM MUNICIPAL FUND,30
939800,OPPENHEIMER INTERNATIONAL BOND FUND,30
1329067,Oppenheimer International Diversified Fund,30
863250,OPPENHEIMER INTERNATIONAL EQUITY FUND,30
1678241,Oppenheimer International Growth & Income Fund,30
1005728,OPPENHEIMER INTERNATIONAL GROWTH FUND,30
1041102,Oppenheimer International Small-Mid Co Fund,30
701382,OPPENHEIMER LIMITED-TERM BOND FUND,30
788303,OPPENHEIMER LIMITED-TERM GOVERNMENT FUND,30
1665789,Oppenheimer Macquarie Global Infrastructure Fund,30
1116894,OPPENHEIMER MAIN STREET ALL CAP FUND,30
823483,OPPENHEIMER MAIN STREET FUNDS,30
1086165,OPPENHEIMER MAIN STREET MID CAP FUND,30
1570384,Oppenheimer Main Street Small Cap Fund,30
1433742,"OPPENHEIMER MASTER EVENT-LINKED BOND FUND, LLC",30
1492445,"OPPENHEIMER MASTER INFLATION PROTECTED SECURITIES FUND, LLC",30
1425771,"OPPENHEIMER MASTER INTERNATIONAL VALUE FUND, LLC",30
1413714,"Oppenheimer Master Loan Fund, LLC",30
853593,OPPENHEIMER MULTI-STATE MUNICIPAL TRUST,30
799102,OPPENHEIMER MUNICIPAL FUND,30
1307792,Oppenheimer Portfolio Series,30
817982,OPPENHEIMER QUEST FOR VALUE FUNDS,30
1163166,OPPENHEIMER REAL ESTATE FUND,30
312555,OPPENHEIMER RISING DIVIDENDS FUND,30
275857,OPPENHEIMER ROCHESTER AMT-FREE MUNICIPAL FUND,30
748009,OPPENHEIMER ROCHESTER AMT-FREE NEW YORK MUNICIPAL FUND,30
1357434,Oppenheimer Rochester Arizona Municipal Fund,30
837441,OPPENHEIMER ROCHESTER CALIFORNIA MUNICIPAL FUND,30
93621,OPPENHEIMER ROCHESTER FUND MUNICIPALS,30
1272949,OPPENHEIMER ROCHESTER Ltd TERM CALIFORNIA MUNICIPAL FUND,30
1357435,Oppenheimer Rochester Maryland Municipal Fund,30
1357433,Oppenheimer Rochester Massachusetts Municipal Fund,30
1357432,Oppenheimer Rochester Michigan Municipal Fund,30
1357431,Oppenheimer Rochester Minnesota Municipal Fund,30
1357430,Oppenheimer Rochester North Carolina Municipal Fund,30
1357428,Oppenheimer Rochester Ohio Municipal Fund,30
1357429,Oppenheimer Rochester Virginia Municipal Fund,30
1087774,OPPENHEIMER SENIOR FLOATING RATE FUND,30
1577111,OPPENHEIMER SENIOR FLOATING RATE PLUS FUND,30
356865,OPPENHEIMER SERIES FUND,30
1416732,OPPENHEIMER SHORT TERM MUNICIPAL FUND,30
1651634,Oppenheimer Small Cap Value Fund,30
1478168,Oppenheimer SteelPath MLP Funds Trust,30
1642227,Oppenheimer SteelPath Panoramic Fund,30
1510830,Oppenheimer Ultra-Short Duration Fund,30
752737,OPPENHEIMER VARIABLE ACCOUNT FUNDS,30
1227523,OPTIMUM FUND TRUST,30
1672826,OSI ETF Trust,30
930007,PACE SELECT ADVISORS TRUST,30
1616668,Pacer Funds Trust,30
1137761,PACIFIC FUNDS SERIES TRUST,30
890206,PACIFIC GLOBAL FUND INC,30
813900,PACIFIC SELECT FUND,30
1477597,Papp Investment Trust,30
1196878,PARADIGM FUNDS,30
747546,PARNASSUS FUNDS,30
866256,PARNASSUS INCOME FUNDS,30
76721,PAX WORLD FUNDS SERIES TRUST I,30
1598735,PAX WORLD FUNDS SERIES TRUST III,30
885709,PAYDEN & RYGEL INVESTMENT GROUP,30
722885,Pear Tree Funds,30
1618627,PENN Capital Funds Trust,30
702340,PENN SERIES FUNDS INC,30
357298,PERMANENT PORTFOLIO FAMILY OF FUNDS,30
1286087,PERRITT FUNDS INC,30
807878,PFM Funds,30
1696729,PFM Multi-Manager Series Trust,30
1103243,PFS FUNDS,30
1727074,PGIM ETF TRUST,30
1311913,PIEDMONT INVESTMENT TRUST,30
1479360,PIMCO Equity Series,30
1479359,PIMCO Equity Series VIT,30
1450011,PIMCO ETF Trust,30
810893,PIMCO FUNDS,30
1098605,PIMCO Managed Accounts Trust,30
1047304,PIMCO VARIABLE INSURANCE TRUST,30
1497362,Pinnacle Capital Management Funds Trust,30
1288255,PIONEER ASSET ALLOCATION TRUST,30
276776,PIONEER BOND FUND /DE/,30
921023,PIONEER EMERGING MARKETS FUND,30
869356,PIONEER EQUITY INCOME FUND,30
78713,PIONEER FUND /MA/,30
1094521,PIONEER HIGH YIELD FUND,30
863334,PIONEER MID CAP VALUE FUND,30
812195,PIONEER MONEY MARKET TRUST,30
908996,PIONEER REAL ESTATE SHARES,30
1265389,PIONEER SERIES TRUST II,30
1306349,Pioneer Series Trust III,30
1331854,Pioneer Series Trust IV,30
1341256,Pioneer Series Trust V,30
1380192,Pioneer Series Trust VI,30
1140157,PIONEER SERIES TRUST VII,30
893660,PIONEER SERIES TRUST VIII,30
1174520,PIONEER SERIES TRUST X,30
78758,PIONEER SERIES TRUST XI,30
1051010,PIONEER SERIES TRUST XII,30
1286364,PIONEER SHORT TERM INCOME FUND,30
1077452,PIONEER STRATEGIC INCOME FUND,30
930709,PIONEER VARIABLE CONTRACTS TRUST /MA/,30
774412,PLAN INVESTMENT FUND INC,30
778202,PNC FUNDS,30
1722478,PPM Funds,30
912900,PRAXIS MUTUAL FUNDS,30
1499655,Precidian ETFs Trust,30
1551431,Premier Multi-Series VIT,30
1293967,PRIMECAP Odyssey Funds,30
1572661,Principal Exchange-Traded Funds,30
898745,PRINCIPAL FUNDS INC,30
12601,PRINCIPAL VARIABLE CONTRACTS FUNDS INC,30
1704174,Procure ETF Trust I,30
1727398,Procure ETF Trust II,30
811030,PROFESSIONALLY MANAGED PORTFOLIOS,30
1039803,PROFUNDS,30
1174610,PROSHARES TRUST,30
1402472,"PROSPECTOR FUNDS, INC.",30
796227,"Provident Mutual Funds, Inc.",30
793159,"PRUDENTIAL GLOBAL TOTAL RETURN FUND, INC.",30
67590,"PRUDENTIAL Government Money Market Fund, INC.",30
1051562,PRUDENTIAL INVESTMENT PORTFOLIOS 12,30
1067442,PRUDENTIAL INVESTMENT PORTFOLIOS 16,30
1052118,PRUDENTIAL INVESTMENT PORTFOLIOS 18,30
1099692,PRUDENTIAL INVESTMENT PORTFOLIOS 2,30
1104631,PRUDENTIAL INVESTMENT PORTFOLIOS 3,30
807394,PRUDENTIAL INVESTMENT PORTFOLIOS 4,30
1090155,PRUDENTIAL INVESTMENT PORTFOLIOS 5,30
746518,PRUDENTIAL INVESTMENT PORTFOLIOS 6,30
803191,PRUDENTIAL INVESTMENT PORTFOLIOS 7,30
887991,PRUDENTIAL INVESTMENT PORTFOLIOS 8,30
1070287,PRUDENTIAL INVESTMENT PORTFOLIOS 9,30
949512,"PRUDENTIAL INVESTMENT PORTFOLIOS, INC.",30
1035018,"PRUDENTIAL INVESTMENT PORTFOLIOS, INC. 10",30
717819,"PRUDENTIAL INVESTMENT PORTFOLIOS, INC. 14",30
278187,"PRUDENTIAL INVESTMENT PORTFOLIOS, INC. 15",30
929523,"PRUDENTIAL INVESTMENT PORTFOLIOS, INC. 17",30
356683,"PRUDENTIAL JENNISON BLEND FUND, INC.",30
1022624,"PRUDENTIAL JENNISON MID-CAP GROWTH FUND, INC.",30
816753,"PRUDENTIAL JENNISON NATURAL RESOURCES FUND, INC.",30
318531,"PRUDENTIAL JENNISON SMALL CO FUND, INC.",30
314612,"PRUDENTIAL NATIONAL MUNI FUND, INC.",30
352665,"PRUDENTIAL SECTOR FUNDS, INC.",30
711175,PRUDENTIAL SERIES FUND,30
834126,"PRUDENTIAL SHORT-TERM CORPORATE BOND FUND, INC.",30
701276,PRUDENTIAL VARIABLE CONTRACT ACCOUNT 10,31
80941,PRUDENTIAL VARIABLE CONTRACT ACCOUNT 2,31
741350,"PRUDENTIAL WORLD FUND, INC.",30
80946,PRUDENTIALS GIBRALTAR FUND,30
1539935,PSG CAPITAL MANAGEMENT TRUST,30
759827,PUTNAM AMERICAN GOVERNMENT INCOME FUND,30
869392,PUTNAM ARIZONA TAX EXEMPT INCOME FUND,30
914209,PUTNAM ASSET ALLOCATION FUNDS,30
711402,PUTNAM CALIFORNIA TAX EXEMPT INCOME TRUST,30
81247,PUTNAM CONVERTIBLE SECURITIES FUND,30
836622,PUTNAM DIVERSIFIED INCOME TRUST,30
216934,PUTNAM EQUITY INCOME FUND/NEW/,30
842940,PUTNAM EUROPE EQUITY FUND,30
81260,PUTNAM FUND FOR GROWTH & INCOME,30
1005942,PUTNAM FUNDS TRUST,30
81251,PUTNAM GLOBAL EQUITY FUND,30
357295,PUTNAM GLOBAL HEALTH CARE FUND,30
794614,PUTNAM GLOBAL INCOME TRUST,30
317031,PUTNAM GLOBAL NATURAL RESOURCES FUND,30
867824,PUTNAM GLOBAL UTILITIES FUND,30
787836,PUTNAM HIGH YIELD FUND,30
225777,PUTNAM HIGH YIELD TRUST,30
81264,PUTNAM INCOME FUND,30
868648,PUTNAM INTERNATIONAL EQUITY FUND /MA/,30
932101,PUTNAM INVESTMENT FUNDS,30
81269,PUTNAM INVESTORS FUND,30
792288,PUTNAM MASSACHUSETTS TAX EXEMPT INCOME FUND/MA/,30
794611,PUTNAM MICHIGAN TAX EXEMPT INCOME FUND /,30
794612,PUTNAM MINNESOTA TAX EXEMPT INCOME FUND/MA,30
81248,PUTNAM MONEY MARKET FUND,30
732337,PUTNAM MORTGAGE SECURITIES FUND,30
857463,PUTNAM NEW JERSEY TAX EXEMPT INCOME FUND,30
719712,PUTNAM NEW YORK TAX EXEMPT INCOME TRUST,30
794616,PUTNAM OHIO TAX EXEMPT INCOME FUND/MA,30
794615,PUTNAM PENNSYLVANIA TAX EXEMPT INCOME FUND,30
1295293,Putnam RetirementReady Funds,30
865177,PUTNAM SUSTAINABLE LEADERS FUND,30
205802,PUTNAM TAX EXEMPT INCOME FUND,30
806944,PUTNAM TAX EXEMPT MONEY MARKET FUND,30
771951,PUTNAM TAX FREE INCOME TRUST /MA/,30
822671,PUTNAM VARIABLE TRUST,30
81280,PUTNAM VOYAGER FUND,30
870355,QUAKER INVESTMENT TRUST,30
1025836,QUANTITATIVE MASTER SERIES LLC,30
1524348,RANGER FUNDS INVESTMENT TRUST,30
831114,"RBB FUND, INC.",30
1272950,RBC FUNDS TRUST,30
65109,READY ASSETS GOVERNMENT LIQUIDITY FUND,30
869663,Ready Assets U.S. Treasury Money Fund,30
704957,Ready Assets U.S.A. Government Money Fund,30
1573496,Reality Shares ETF Trust,30
1026634,RENAISSANCE CAPITAL GREENWICH FUNDS,30
356013,RETIREMENT SERIES TRUST,30
832574,REYNOLDS FUNDS INC,30
1370177,RiverNorth Funds,30
1494928,RIVERPARK FUNDS TRUST,30
30126,RMB INVESTORS TRUST,30
876409,Rochester Portfolio Series,30
1006387,ROYCE CAPITAL FUND,30
709364,ROYCE FUND,30
351601,RUSSELL INVESTMENT CO,30
824036,RUSSELL INVESTMENT FUNDS,30
1092720,RYDEX DYNAMIC FUNDS,30
1208211,RYDEX ETF TRUST,30
899148,RYDEX SERIES FUNDS,30
1064046,RYDEX VARIABLE TRUST,30
1075065,SA FUNDS INVESTMENT TRUST,30
1535174,Salient MF Trust,30
924628,SARATOGA ADVANTAGE TRUST,30
1123235,SATUIT CAPITAL MANAGEMENT TRUST,30
811860,SATURNA INVESTMENT TRUST,30
1068602,Savos Investments Trust,30
1702889,"SAVYON ASSET MANAGEMENT ADVISORY ,LLC",30
1236572,SCHRODER GLOBAL SERIES TRUST,30
908802,SCHRODER SERIES TRUST,30
918266,SCHWAB ANNUITY PORTFOLIOS,30
904333,SCHWAB CAPITAL TRUST,30
869365,SCHWAB INVESTMENTS,30
1454889,SCHWAB STRATEGIC TRUST,30
891160,SCHWARTZ INVESTMENT TRUST,30
836267,SCM Trust,30
1003239,SEASONS SERIES TRUST,30
1699175,Second Nature Series Trust,30
766351,Securian Funds Trust,30
357204,Segall Bryant & Hamill Trust,30
1003632,SEI ASSET ALLOCATION TRUST,30
1627853,SEI Catholic Values Trust,30
701939,SEI DAILY INCOME TRUST /MA/,30
835597,SEI INSTITUTIONAL INTERNATIONAL TRUST,30
939934,SEI INSTITUTIONAL INVESTMENTS TRUST,30
804239,SEI INSTITUTIONAL MANAGED TRUST,30
1580641,SEI Insurance Products Trust,30
701817,SEI TAX EXEMPT TRUST,30
1064641,SELECT SECTOR SPDR TRUST,30
88808,SELECTED AMERICAN SHARES INC,30
84237,"SELECTED INTERNATIONAL FUND, INC",30
933188,SENIOR DEBT PORTFOLIO,30
225843,SENTINEL GROUP FUNDS INC,30
1112513,SENTINEL VARIABLE PRODUCTS TRUST,30
1397935,SEPARATE ACCOUNT 10 OF AXA EQUITABLE LIFE INSURANCE CO,31
1397933,SEPARATE ACCOUNT 3 OF AXA EQUITABLE LIFE INSURANCE CO,31
1397934,SEPARATE ACCOUNT 4 OF AXA EQUITABLE LIFE INSURANCE CO,31
89043,SEQUOIA FUND INC,30
1650149,Series Portfolios Trust,30
778206,SHELTON FUNDS,30
1541630,Short Duration High Income Portfolio,30
205007,SHORT TERM INVESTMENTS TRUST,30
1368040,Short-Term Bond Fund of America,30
1175711,SHORT-TERM U.S. GOVERNMENT PORTFOLIO,30
794801,"SIMS TOTAL RETURN FUND, INC.",30
356786,SIT LARGE CAP GROWTH FUND INC,30
356787,SIT MID CAP GROWTH FUND INC,30
746601,SIT MUTUAL FUNDS II INC,30
877880,SIT MUTUAL FUNDS INC,30
809981,SIT U S GOVERNMENT SECURITIES FUND INC,30
1724826,Six Circles Trust,30
1225290,SMA RELATIONSHIP TRUST,30
1330833,"Small Cap Value Fund, Inc.",30
858744,SMALLCAP WORLD FUND INC,30
1614370,Smead Funds Trust,30
1163472,SMID-Cap Portfolio,30
764157,SOUND SHORE FUND INC,30
1066241,SPARROW FUNDS,30
1168164,SPDR INDEX SHARES FUNDS (Formerly streetTRACKS Index Shares Funds),30
1064642,SPDR SERIES TRUST,30
1484018,Spinnaker ETF Series,30
1039667,SPIRIT OF AMERICA INVESTMENT FUND INC,30
1516212,SSGA Active Trust,30
826686,SSGA FUNDS,30
1516211,SSGA Master Trust,30
1011996,STAAR INVESTMENT TRUST,30
1221482,STADION INVESTMENT TRUST,30
1464413,Starboard Investment Trust,30
93715,STATE FARM ASSOCIATES FUNDS TRUSTS,30
1119720,STATE FARM MUTUAL FUND TRUST,30
1034633,STATE FARM VARIABLE PRODUCT TRUST,30
1679960,State Funds,30
1040061,STATE STREET INSTITUTIONAL FUNDS,30
1107414,STATE STREET INSTITUTIONAL INVESTMENT TRUST,30
1094885,STATE STREET MASTER FUNDS,30
1011008,State Street Navigator Securities Lending Trust,30
746687,STATE STREET VARIABLE INSURANCE SERIES FUNDS INC,30
1584986,STEBEN ALTERNATIVE INVESTMENT FUNDS,30
889284,STERLING CAPITAL FUNDS,30
92500,"STEWARD FUNDS, INC.",30
1288872,"Stock Dividend Fund, Inc.",30
1473646,Stock Portfolio,30
1391673,Stone Harbor Investment Funds,30
737520,"Strategic Funds, Inc.",30
1506213,Strategy Shares,30
1684381,StrongVest ETF Trust,30
799084,SUNAMERICA EQUITY FUNDS,30
795307,SUNAMERICA INCOME FUNDS,30
724129,SUNAMERICA MONEY MARKET FUNDS INC,30
1059040,SUNAMERICA SENIOR FLOATING RATE FUND INC,30
892538,SUNAMERICA SERIES TRUST,30
1020861,"SUNAMERICA SERIES, INC.",30
1274768,SunAmerica Specialty Series,30
1736078,Symmetry Panoramic Trust,30
1580843,SYNTAX ETF TRUST,30
871839,"T. Rowe Price Balanced Fund, Inc.",30
902259,"T. Rowe Price Blue Chip Growth Fund, Inc.",30
798086,T. Rowe Price California Tax-Free Income Trust,30
1689311,"T. Rowe Price Capital Appreciation & Income Fund, Inc.",30
793347,"T. Rowe Price Capital Appreciation Fund, Inc.",30
931151,"T. Rowe Price Capital Opportunity Fund, Inc.",30
910671,"T. Rowe Price Communications & Technology Fund, Inc.",30
949820,"T. Rowe Price Corporate Income Fund, Inc.",30
1600600,"T. Rowe Price Credit Opportunities Fund, Inc.",30
1267862,"T. Rowe Price Diversified Mid-Cap Growth Fund, Inc.",30
894024,"T. Rowe Price Dividend Growth Fund, Inc.",30
775688,"T. Rowe Price Equity Income Fund, Inc.",30
918294,"T. Rowe Price Equity Series, Inc.",30
1019286,"T. Rowe Price Financial Services Fund, Inc.",30
920467,"T. Rowe Price Fixed Income Series, Inc.",30
1520245,"T. Rowe Price Floating Rate Fund, Inc.",30
1447346,"T. Rowe Price Global Multi-Sector Bond Fund, Inc.",30
1440930,"T. Rowe Price Global Real Estate Fund, Inc.",30
1116626,"T. Rowe Price Global Technology Fund, Inc.",30
779785,"T. Rowe Price GNMA Fund, Inc.",30
316968,"T. Rowe Price Government Money Fund, Inc.",30
706211,"T. Rowe Price Growth & Income Fund, Inc.",30
80257,"T. Rowe Price Growth Stock Fund, Inc.",30
1002624,"T. Rowe Price Health Sciences Fund, Inc.",30
754915,"T. Rowe Price High Yield Fund, Inc.",30
858581,"T. Rowe Price Index Trust, Inc.",30
1181628,"T. Rowe Price Inflation Protected Bond Fund, Inc.",30
1012968,"T. Rowe Price Institutional Equity Funds, Inc.",30
1169187,"T. Rowe Price Institutional Income Funds, Inc.",30
852254,"T. Rowe Price Institutional International Funds, Inc.",30
1608530,"T. Rowe Price Intermediate Tax-Free High Yield Fund, Inc.",30
313212,"T. Rowe Price International Funds, Inc.",30
1120925,"T. Rowe Price International Index Fund, Inc.",30
918292,"T. Rowe Price International Series, Inc.",30
1368135,"T. Rowe Price Limited-Duration Inflation Focused Bond Fund, Inc.",30
887147,"T. Rowe Price Mid-Cap Growth Fund, Inc.",30
1012678,"T. Rowe Price Mid-Cap Value Fund, Inc.",30
1533490,"T. Rowe Price Multi-Sector Account Portfolios, Inc.",30
1707770,"T. Rowe Price Multi-Strategy Total Return Fund, Inc.",30
773485,"T. Rowe Price New America Growth Fund, Inc.",30
216907,"T. Rowe Price New Era Fund, Inc.",30
80248,"T. Rowe Price New Horizons Fund, Inc.",30
80249,"T. Rowe Price New Income Fund, Inc.",30
923084,"T. Rowe Price Personal Strategy Funds, Inc.",30
1038469,"T. Rowe Price Quantitative Management Funds, Inc.",30
1486048,"T. Rowe Price Real Assets Fund, Inc.",30
1046404,"T. Rowe Price Real Estate Fund, Inc.",30
1034386,"T. Rowe Price Reserve Investment Funds, Inc.",30
1177017,"T. Rowe Price Retirement Funds, Inc.",30
819930,"T. Rowe Price Science & Technology Fund, Inc.",30
731890,"T. Rowe Price Short-Term Bond Fund, Inc.",30
75170,"T. Rowe Price Small-Cap Stock Fund, Inc.",30
834798,"T. Rowe Price Small-Cap Value Fund, Inc.",30
808303,"T. Rowe Price Spectrum Fund, Inc.",30
795384,"T. Rowe Price State Tax-Free Funds, Inc.",30
912028,"T. Rowe Price Summit Funds, Inc.",30
912029,"T. Rowe Price Summit Municipal Funds, Inc.",30
1038490,"T. Rowe Price Tax-Efficient Funds, Inc.",30
315748,"T. Rowe Price Tax-Exempt Money Fund, Inc.",30
758003,"T. Rowe Price Tax-Free High Yield Fund, Inc.",30
202927,"T. Rowe Price Tax-Free Income Fund, Inc.",30
730200,"T. Rowe Price Tax-Free Short-Intermediate Fund, Inc.",30
1681576,"T. Rowe Price Total Return Fund, Inc.",30
1120924,"T. Rowe Price U.S. Bond Enhanced Index Fund, Inc.",30
1462712,"T. Rowe Price U.S. Large-Cap Core Fund, Inc.",30
853437,"T. Rowe Price U.S. Treasury Funds, Inc.",30
927845,"T. Rowe Price Value Fund, Inc.",30
1051219,TANAKA FUNDS INC,30
890339,TARGET PORTFOLIO TRUST,30
50142,TAX EXEMPT BOND FUND OF AMERICA,30
1122006,TAX MANAGED SMALL CAP PORTFOLIO,30
1163515,Tax-Managed Global Small-Cap Portfolio,30
1002667,TAX-MANAGED GROWTH PORTFOLIO,30
1140884,Tax-Managed International Equity Portfolio,30
1116071,Tax-Managed Multi-Cap Growth Portfolio,30
1140883,Tax-Managed Value Portfolio,30
1574742,TCG Financial Series Trust I,30
1574745,TCG Financial Series Trust II,30
1574746,TCG Financial Series Trust III,30
1574748,TCG Financial Series Trust IV,30
1574759,TCG Financial Series Trust IX,30
1574749,TCG Financial Series Trust V,30
1574750,TCG Financial Series Trust VI,30
1574751,TCG Financial Series Trust VII,30
1574757,TCG Financial Series Trust VIII,30
1574760,TCG Financial Series Trust X,30
1625654,TCW ALTERNATIVE FUNDS,30
892071,TCW FUNDS INC,30
949881,TD Asset Management USA Funds Inc.,30
909226,TEMPLETON CHINA WORLD FUND,30
878087,TEMPLETON DEVELOPING MARKETS TRUST,30
225930,TEMPLETON FUNDS,30
916488,TEMPLETON GLOBAL INVESTMENT TRUST,30
856138,TEMPLETON GLOBAL OPPORTUNITIES TRUST,30
350900,TEMPLETON GLOBAL SMALLER COMPANIES FUND,30
805664,TEMPLETON GROWTH FUND INC,30
795402,TEMPLETON INCOME TRUST,30
865722,TEMPLETON INSTITUTIONAL FUNDS,30
796229,TETON WESTWOOD FUNDS,30
1725310,TEUCRIUM ETF TRUST,30
1031661,THIRD AVENUE TRUST,30
1089107,THIRD AVENUE VARIABLE SERIES TRUST,30
795264,THOMPSON IM FUNDS INC,30
816153,THORNBURG INVESTMENT TRUST,30
1300087,Thrivent Cash Management Trust,30
1669626,Thrivent Core Funds,30
811869,THRIVENT MUTUAL FUNDS,30
790166,THRIVENT SERIES FUND INC,30
923524,TIAA SEPARATE ACCOUNT VA 1,31
1084380,TIAA-CREF FUNDS,30
1068204,TIAA-CREF LIFE FUNDS,30
916622,TIFF INVESTMENT PROGRAM,30
916490,TIMOTHY PLAN,30
801444,TOCQUEVILLE TRUST,30
862696,TORRAY FUND,30
914243,TOUCHSTONE FUNDS GROUP TRUST,30
1174490,TOUCHSTONE INSTITUTIONAL FUNDS TRUST,30
711080,TOUCHSTONE STRATEGIC TRUST,30
920547,TOUCHSTONE VARIABLE SERIES TRUST,30
1018953,TRANSAMERICA ASSET ALLOCATION VARIABLE FUNDS,31
1673996,Transamerica ETF Trust,30
787623,TRANSAMERICA FUNDS,30
778207,TRANSAMERICA SERIES TRUST,30
1465886,Transparent Value Trust,30
932381,"Tributary Funds, Inc.",30
1604813,TrimTabs ETF Trust,30
1261788,Trust for Advised Portfolios,30
1171324,Trust for Advisor Solutions,30
825759,TRUST FOR CREDIT UNIONS,30
1141819,TRUST FOR PROFESSIONAL MANAGERS,30
1006783,TURNER FUNDS,30
896975,"TWEEDY, BROWNE FUND INC.",30
1552947,Two Roads Shared Trust,30
886244,UBS FUNDS,30
873803,UBS INVESTMENT TRUST,30
944684,UBS RELATIONSHIP FUNDS,30
1060517,UBS Series Funds,30
1545440,Ultimus Managers Trust,30
732697,ULTRA SERIES FUND,30
1360480,Underlying Funds Trust,30
1047712,UNDISCOVERED MANAGERS FUNDS,30
1199046,UNIFIED SERIES TRUST,30
1058587,UPRIGHT INVESTMENTS TRUST,30
101507,US GLOBAL INVESTORS FUNDS,30
1137095,USA MUTUALS,30
1573099,USAA ETF Trust,30
908695,USAA MUTUAL FUNDS TRUST,30
1678523,USCA Fund Trust,30
1597389,USCF ETF Trust,30
1689322,USCF Mutual Funds Trust,30
869273,"UTC NORTH AMERICAN FUND, INC.",30
719423,VALIC Co I,30
1062374,VALIC Co II,30
904170,VALUE LINE ASSET ALLOCATION FUND INC,30
102757,VALUE LINE CAPITAL APPRECIATION FUND INC,30
726994,VALUE LINE CENTURION FUND INC,30
783316,Value Line Core Bond Fund,30
1607673,VALUE LINE FUNDS INVESTMENT TRUST,30
819978,VALUE LINE FUNDS VARIABLE TRUST,30
102764,"Value Line Larger Companies Focused Fund, Inc.",30
102756,"Value Line Mid Cap Focused Fund, Inc.",30
102767,"Value Line Premier Growth Fund, Inc.",30
895429,"Value Line Small Cap Opportunities Fund, Inc.",30
733257,VALUE LINE TAX EXEMPT FUND INC,30
1437249,VALUED ADVISERS TRUST,30
768847,VanEck Funds,30
1137360,VanEck Vectors ETF Trust,30
811976,VanEck VIP Trust,30
891190,VANGUARD ADMIRAL FUNDS,30
794105,VANGUARD BOND INDEX FUNDS,30
783401,VANGUARD CALIFORNIA TAX-FREE FUNDS,30
1532203,Vanguard Charlotte Funds,30
752177,VANGUARD CHESTER FUNDS,30
1273878,VANGUARD CMT FUNDS,30
791107,VANGUARD CONVERTIBLE SECURITIES FUND,30
34066,VANGUARD EXPLORER FUND,30
826473,VANGUARD FENWAY FUNDS,30
106444,VANGUARD FIXED INCOME SECURITIES FUNDS,30
932471,VANGUARD HORIZON FUNDS,30
36405,VANGUARD INDEX FUNDS,30
862084,VANGUARD INSTITUTIONAL INDEX FUNDS,30
857489,VANGUARD INTERNATIONAL EQUITY INDEX FUNDS,30
836906,VANGUARD MALVERN FUNDS,30
1070414,VANGUARD MASSACHUSETTS TAX-EXEMPT FUNDS,30
106830,VANGUARD MONEY MARKET RESERVES,30
1409957,Vanguard Montgomery Funds,30
68138,VANGUARD MORGAN GROWTH FUND,30
225997,VANGUARD MUNICIPAL BOND FUNDS,30
821404,VANGUARD NEW JERSEY TAX-FREE FUNDS,30
788599,VANGUARD NEW YORK TAX-FREE FUNDS,30
862341,VANGUARD OHIO TAX-FREE FUNDS,30
788606,VANGUARD PENNSYLVANIA TAX-FREE FUNDS,30
799127,VANGUARD QUANTITATIVE FUNDS,30
1021882,VANGUARD SCOTTSDALE FUNDS,30
734383,VANGUARD SPECIALIZED FUNDS,30
736054,VANGUARD STAR FUNDS,30
923202,VANGUARD TAX-MANAGED FUNDS,30
313850,VANGUARD TRUSTEES' EQUITY FUND,30
889519,VANGUARD VALLEY FORGE FUNDS,30
857490,VANGUARD VARIABLE INSURANCE FUNDS,30
105544,VANGUARD WELLESLEY INCOME FUND,30
105563,VANGUARD WELLINGTON FUND,30
1004655,VANGUARD WHITEHALL FUNDS,30
107606,VANGUARD WINDSOR FUNDS,30
52848,VANGUARD WORLD FUND,30
356494,VARIABLE INSURANCE PRODUCTS FUND,30
831016,VARIABLE INSURANCE PRODUCTS FUND II,30
927384,VARIABLE INSURANCE PRODUCTS FUND III,30
720318,VARIABLE INSURANCE PRODUCTS FUND IV,30
823535,Variable Insurance Products Fund V,30
1524968,Vericimetry Funds,30
1289876,Victory Institutional Funds,30
802716,VICTORY PORTFOLIOS,30
1547580,Victory Portfolios II,30
1068663,VICTORY VARIABLE INSURANCE FUNDS,30
1082744,Viking Mutual Funds,30
1241554,VIRTUS ADVISER TRUST,30
1589756,VIRTUS ALTERNATIVE SOLUTIONS TRUST,30
1018593,VIRTUS ASSET TRUST,30
1040892,VIRTUS EQUITY SERIES FUND,30
34273,VIRTUS EQUITY TRUST,30
1648403,Virtus ETF Trust II,30
1003859,VIRTUS INSIGHT TRUST,30
796298,VIRTUS INVESTMENT SERIES FUND,30
784880,VIRTUS INVESTMENT TRUST 06,30
1045018,VIRTUS INVESTMENT TRUST 97,30
1005020,VIRTUS OPPORTUNITIES TRUST,30
1004658,VIRTUS RETIREMENT TRUST,30
19469,VIRTUS SERIES FUND,30
796299,VIRTUS STRATEGIC EQUITY SERIES FUND,30
792359,VIRTUS VARIABLE INSURANCE TRUST,30
792394,VOLUMETRIC FUND INC,30
846799,Voya BALANCED PORTFOLIO INC,30
1063946,Voya EQUITY TRUST,30
1066602,Voya FUNDS TRUST,30
2663,VOYA GOVERNMENT MONEY MARKET PORTFOLIO,30
2646,Voya INTERMEDIATE BOND PORTFOLIO,30
837276,Voya INVESTORS TRUST,30
895430,Voya MUTUAL FUNDS,30
1039001,Voya PARTNERS INC,30
877233,Voya SERIES FUND INC,30
935070,Voya STRATEGIC ALLOCATION PORTFOLIOS INC,30
2664,Voya VARIABLE FUNDS,30
1090682,Voya VARIABLE INSURANCE TRUST,30
1015965,Voya VARIABLE PORTFOLIOS INC,30
916403,Voya VARIABLE PRODUCTS TRUST,30
809064,VOYAGEUR INSURED FUNDS,30
773675,VOYAGEUR INTERMEDIATE TAX FREE FUNDS,30
906236,VOYAGEUR MUTUAL FUNDS,30
809872,VOYAGEUR MUTUAL FUNDS II,30
763749,VOYAGEUR MUTUAL FUNDS III,30
733362,VOYAGEUR TAX FREE FUNDS,30
1531758,Wakefield Alternative Series Trust,30
1517695,Wall Street EWM Funds Trust,30
1418191,Walthausen Funds,30
929521,WANGER ADVISORS TRUST,30
806633,WASATCH FUNDS TRUST,30
104865,WASHINGTON MUTUAL INVESTORS FUND,30
1257927,WEITZ FUNDS,30
1081400,WELLS FARGO FUNDS TRUST,30
1087961,WELLS FARGO MASTER TRUST,30
1081402,WELLS FARGO VARIABLE TRUST,30
1007226,WESMARK FUNDS,30
1572617,Westchester Capital Funds,30
863520,WESTERN ASSET FUNDS INC,30
822632,WILLIAM BLAIR FUNDS,30
842512,WILLIAMSBURG INVESTMENT TRUST,30
830744,WILMINGTON FUNDS,30
890453,WILSHIRE MUTUAL FUNDS INC,30
1026708,WILSHIRE VARIABLE INSURANCE TRUST,30
1326544,"WINTERGREEN FUND, INC.",30
1395397,WISCONSIN CAPITAL FUNDS INC,30
1350487,WisdomTree Trust,30
1396092,World Funds Trust,30
1017967,WORLDWIDE HEALTH SCIENCES PORTFOLIO,30
1645192,WP Trust,30
703499,Wright Managed Equity Trust,30
715165,WRIGHT MANAGED INCOME TRUST,30
1580350,WST Investment Trust,30
1558372,YCG Funds,30
