CIK,Registrant_Name
2230,"ADAMS DIVERSIFIED EQUITY FUND, INC."
3906,ALLIED CAPITAL CORP
5094,Invesco Bond Fund
9521,BANCROFT FUND LTD
18748,CENTRAL SECURITIES CORP
27367,DAXOR CORP
30125,Insight Select Income Fund
33934,CORNERSTONE TOTAL RETURN FUND INC
40417,GENERAL AMERICAN INVESTORS CO INC
59560,LINCOLN NATIONAL INCOME FUND INC /NEW/
65433,MEXICO FUND INC
75398,Western Asset Investment Grade Income Fund Inc.
91847,SOURCE CAPITAL INC /DE/
102426,"SRH Total Return Fund, Inc."
216851,"ADAMS NATURAL RESOURCES FUND, INC."
313180,KEYCO BOND FUND INC
316762,TRIDAN CORP
351786,BMC FUND INC
748691,KOREA FUND INC
751414,PARTNERS GROWTH FUND
759828,JOHN HANCOCK INVESTORS TRUST
759866,JOHN HANCOCK INCOME SECURITIES TRUST
768213,PARTNERS DEFERRAL FUND
779336,"ABRDN AUSTRALIA EQUITY FUND, INC."
790500,"ABRDN ASIA-PACIFIC INCOME FUND, INC."
791718,"EUROPEAN EQUITY FUND, INC / MD"
793040,ELLSWORTH GROWTH & INCOME FUND LTD
794685,GABELLI EQUITY TRUST INC
801961,MFS MUNICIPAL INCOME TRUST
804116,"ROYCE VALUE TRUST, INC."
804123,TAIWAN FUND INC
805267,TEKLA HEALTHCARE INVESTORS
806628,DNP SELECT INCOME FUND INC
809173,MFS MULTIMARKET INCOME TRUST
809559,TCW STRATEGIC INCOME FUND INC
809708,TEMPLETON EMERGING MARKETS FUND
809844,MFS HIGH YIELD MUNICIPAL TRUST
810766,CREDIT SUISSE ASSET MANAGEMENT INCOME FUND INC
811305,FREEDOM INVESTMENT TRUST /MA/
811922,MFS GOVERNMENT MARKETS INCOME TRUST
812090,Virtus Total Return Fund Inc.
812801,NUVEEN MUNICIPAL VALUE FUND INC
813623,"SWISS HELVETIA FUND, INC."
814083,CORNERSTONE STRATEGIC VALUE FUND INC
818850,NUVEEN NEW YORK MUNICIPAL VALUE FUND
818851,NUVEEN CALIFORNIA MUNICIPAL VALUE FUND
818972,"BNY MELLON STRATEGIC MUNICIPALS, INC."
825202,SPROTT FOCUS TRUST INC.
825345,NEW AMERICA HIGH INCOME FUND INC
826020,Saba Capital Income & Opportunities Fund
826735,MFS INTERMEDIATE INCOME TRUST
827773,PUTNAM PREMIER INCOME TRUST
828803,TEMPLETON GLOBAL INCOME FUND
830271,NUVEEN MUNICIPAL INCOME FUND INC
830487,WESTERN ASSET MUNICIPAL HIGH INCOME FUND INC.
830622,PUTNAM MASTER INTERMEDIATE INCOME TRUST
832327,"BLACKROCK INCOME TRUST, INC."
833021,MFS INTERMEDIATE HIGH INCOME FUND
833040,FRANKLIN UNIVERSAL TRUST
835333,Invesco Municipal Income Opportunities Trust
835948,"BLACKROCK MUNIVEST FUND, INC."
836412,Virtus Total Return Fund Inc.
838131,Nuveen Multi-Market Income Fund
839122,"BNY MELLON MUNICIPAL INCOME, INC."
839533,DWS MUNICIPAL INCOME TRUST
844172,"BLACKROCK MUNIENHANCED FUND, INC."
844790,PUTNAM MANAGED MUNICIPAL INCOME TRUST
845606,MFS HIGH INCOME MUNICIPAL TRUST
845611,GABELLI CONVERTIBLE & INCOME SECURITIES FUND INC
846596,DWS STRATEGIC MUNICIPAL INCOME TRUST
846671,Invesco High Income Trust II
846676,"ABRDN EMERGING MARKETS EQUITY INCOME FUND, INC."
847411,MFS INVESTMENT GRADE MUNICIPAL TRUST
850027,"EAGLE CAPITAL GROWTH FUND, INC."
851170,MFS CHARTER INCOME TRUST
853180,Invesco Senior Loan Fund
854904,Invesco Prime Income Trust
855886,JOHN HANCOCK PREMIUM DIVIDEND FUND
855887,"BNY MELLON STRATEGIC MUNICIPAL BOND FUND, INC."
856128,MFS SPECIAL VALUE TRUST
858706,NEW GERMANY FUND INC
858707,NEW IRELAND FUND INC
859765,KAVILCO INC/WA/
859796,JAPAN SMALLER CAPITALIZATION FUND INC
860127,DRESDNER RCM INVESTMENT FUNDS INC
860489,"CENTRAL & EASTERN EUROPE FUND, INC."
863900,MEXICO EQUITY & INCOME FUND INC
866095,"ABRDN JAPAN EQUITY FUND, INC."
870780,NUVEEN PENNSYLVANIA QUALITY MUNICIPAL INCOME FUND
874304,MONOGENESIS CORP
876717,"ABRDN GLOBAL INCOME FUND, INC."
877463,Invesco Municipal Trust
878200,NUVEEN OHIO QUALITY MUNICIPAL INCOME FUND
879361,"BLACKROCK MUNIYIELD FUND, INC."
879535,DTF TAX-FREE INCOME 2028 TERM FUND INC
880406,HERZFELD CARIBBEAN BASIN FUND INC
880408,CUBA FUND INC
880892,Invesco Trust for Investment Grade Municipals
882071,Flaherty & Crumrine PREFERRED & INCOME OPPORTUNITY FUND INC
882150,"BLACKROCK MUNIYIELD NEW YORK QUALITY FUND, INC."
882152,"BLACKROCK MUNIYIELD CALIFORNIA FUND, INC."
882153,BLACKROCK MUNIYIELD INVESTMENT FUND
882300,WESTERN ASSET INTERMEDIATE MUNI FUND INC.
883265,Invesco Trust for Investment Grade New York Municipals
883412,"BLACKROCK MUNIYIELD QUALITY FUND III, INC."
883574,SENIORS POOLED RETIREMENT FUND
883618,NUVEEN SELECT TAX FREE INCOME PORTFOLIO
884121,TEKLA LIFE SCIENCES INVESTORS
884152,Invesco Municipal Opportunity Trust
884216,"BLACKROCK MUNIYIELD NEW JERSEY FUND, INC."
884988,SHORT TERM APPRECIATION & INCOME RETURN TRUST
885125,Invesco Quality Municipal Income Trust
885601,Invesco Value Municipal Income Trust
885731,NUVEEN NEW YORK SELECT TAX -FREE INCOME PORTFOLIO
885732,NUVEEN CALIFORNIA SELECT TAX FREE INCOME PORTFOLIO
885733,NUVEEN SELECT TAX FREE INCOME PORTFOLIO 2
886043,WESTERN ASSET MANAGED MUNICIPALS FUND INC.
887394,"BLACKROCK MUNIYIELD QUALITY FUND II, INC."
888410,"BLACKROCK MUNIYIELD CALIFORNIA QUALITY FUND, INC."
888411,NUVEEN SELECT TAX FREE INCOME PORTFOLIO 3
890119,NUVEEN SELECT MATURITIES MUNICIPAL FUND
890196,"BLACKROCK MUNIYIELD QUALITY FUND, INC."
890393,"BLACKROCK MUNIYIELD MICHIGAN QUALITY FUND, INC."
891038,BLACKROCK MUNIYIELD PENNSYLVANIA QUALITY FUND
891188,BLACKROCK MUNIYIELD INVESTMENT QUALITY FUND
891290,COHEN & STEERS TOTAL RETURN REALTY FUND INC
892992,NUVEEN ARIZONA QUALITY MUNICIPAL INCOME FUND
893739,180 DEGREE CAPITAL CORP. /NY/
894242,"BLACKROCK INVESTMENT QUALITY MUNICIPAL TRUST, INC."
894351,WESTERN ASSET MUNICIPAL PARTNERS FUND INC.
895528,Invesco Pennsylvania Value Municipal Income Trust
895531,Invesco California Value Municipal Income Trust
895574,Delaware Investments National Municipal Income Fund
895658,"DELAWARE INVESTMENTS MINNESOTA MUNICIPAL INCOME FUND II, INC"
896923,"DELAWARE INVESTMENTS DIVIDEND & INCOME FUND, INC"
897269,"BLACKROCK MUNIVEST FUND II, INC."
897800,GREENWICH STREET MUNICIPAL FUND INC
900422,PUTNAM MUNICIPAL OPPORTUNITIES TRUST
901243,"BLACKROCK MUNIASSETS FUND, INC."
901824,BLACKROCK MASSACHUSETTS TAX-EXEMPT TRUST
904112,MORGAN STANLEY EMERGING MARKETS DEBT FUND INC
907573,"Delaware Investments Colorado Municipal Income Fund, Inc."
908187,"PCM FUND, INC."
908993,Invesco Advantage Municipal Income Trust II
909112,TEMPLETON EMERGING MARKETS INCOME FUND
910068,WESTERN ASSET HIGH INCOME OPPORTUNITY FUND INC.
911308,"BLACKROCK MUNIYIELD ARIZONA FUND, INC."
912147,"ROYCE MICRO-CAP TRUST, INC."
916183,"PIMCO STRATEGIC INCOME FUND, INC"
916618,"MORGAN STANLEY INDIA INVESTMENT FUND, INC."
917100,"INDIA FUND, INC."
919567,"RENN Fund, Inc."
919893,TEMPLETON DRAGON FUND INC
921671,GABELLI MULTIMEDIA TRUST INC.
925683,JOHN HANCOCK FINANCIAL OPPORTUNITIES FUND
926504,GREENWICH STREET NEW YORK MUNICIPAL FUND INC
926505,GREENWICH STREET CALIFORNIA MUNICIPAL FUND INC
930008,GLOBAL TOTAL RETURN FUND INC
931005,PRA NORTH AMERICAN REAL ESTATE SECURITIES FUND INC
945765,PERU FUND INC
1004126,DECS TRUST
1011006,ALTABA INC.
1012617,BSC EMPLOYEE FUND LP
1014743,THERMO OPPORTUNITY FUND INC
1034171,LEVCO ZERO COUPON PUT FUND I LP
1034665,"BLACKROCK MUNIHOLDINGS FUND, INC."
1037188,BCD HITS TRUST
1038186,"BLACKROCK MUNIHOLDINGS NEW YORK QUALITY FUND, INC."
1038190,"BLACKROCK MUNIHOLDINGS FUND II, INC."
1045126,BLACKROCK MUNIHOLDINGS INVESTMENT QUALITY FUND
1046384,XYZ EXCHANGEABLE SECURITIES TRUST
1051003,"BLACKROCK DEBT STRATEGIES FUND, INC."
1051004,"BLACKROCK MUNIHOLDINGS CALIFORNIA QUALITY FUND, INC."
1053988,"BLACKROCK MUNIHOLDINGS NEW JERSEY QUALITY FUND, INC."
1057861,BNY MELLON HIGH YIELD STRATEGIES FUND
1058234,"BLACKROCK MUNIHOLDINGS QUALITY FUND, INC."
1058239,WESTERN ASSET HIGH INCOME FUND II INC.
1059213,DIVIDEND & INCOME FUND
1059386,Invesco Senior Income Trust
1061353,CREDIT SUISSE HIGH YIELD BOND FUND
1064014,ELK CAPITAL CORP
1064269,SEVENTH AUTOMATIC COMMON EXCHANGE SECURITY TRUST
1068897,FOXBY CORP.
1070732,EATON VANCE SENIOR INCOME TRUST
1071899,"BLACKROCK MUNIHOLDINGS QUALITY FUND II, INC."
1074540,EATON VANCE MUNICIPAL INCOME TRUST
1074692,EATON VANCE CALIFORNIA MUNICIPAL INCOME TRUST
1074769,NUVEEN NEW YORK QUALITY MUNICIPAL INCOME FUND
1074952,Nuveen California Quality Municipal Income Fund
1076673,"Advantage Advisers Xanthus Fund, L.L.C."
1076768,TRUST ISSUED REQUIRED EQUITY EXCHANGE SECURITIES TRUST
1080720,GABELLI UTILITY TRUST
1083839,Nuveen Quality Municipal Income Fund
1084206,METS TRUST
1087786,NUVEEN NEW JERSEY QUALITY MUNICIPAL INCOME FUND
1089094,BLACKROCK STRATEGIC MUNICIPAL TRUST
1089822,MUTUAL FUND MASTER INVESTMENT TRUST
1089915,MANDATORILY EXCHANGEABLE SECURITIES TRUST
1089917,TWELFTH AUTOMATIC COMMON EXCHANGE SECURITY TRUST
1090116,Nuveen AMT-Free Municipal Credit Income Fund
1092896,MFS CALIFORNIA MUNICIPAL FUND
1093428,NUVEEN SENIOR INCOME FUND
1114846,HANCOCK JOHN VENTURE TECHNOLOGY FUND
1123440,"CHINA FINANCE, INC."
1124959,VOYA CREDIT INCOME FUND
1137390,BLACKROCK NEW YORK MUNICIPAL INCOME TRUST
1137391,BLACKROCK CALIFORNIA MUNICIPAL INCOME TRUST
1137392,BLACKROCK MUNICIPAL INCOME INVESTMENT TRUST
1137393,BLACKROCK MUNICIPAL INCOME TRUST
1137887,Nuveen Municipal Credit Income Fund
1140392,PIMCO MUNICIPAL INCOME FUND
1140410,PIMCO NEW YORK MUNICIPAL INCOME FUND
1140411,PIMCO CALIFORNIA MUNICIPAL INCOME FUND
1141299,MCG CAPITAL CORP
1157842,COHEN & STEERS QUALITY INCOME REALTY FUND INC
1158289,NUVEEN REAL ESTATE INCOME FUND
1160864,BLACKROCK CORE BOND TRUST
1160990,PIMCO CORPORATE & INCOME STRATEGY FUND
1162027,ALLIANCEBERNSTEIN NATIONAL MUNICIPAL INCOME FUND
1163792,WESTERN ASSET PREMIER BOND FUND
1164690,DECS TRUST IX
1166258,"PIONEER HIGH INCOME FUND, INC."
1167467,BLACKROCK MUNICIPAL BOND TRUST
1167470,BLACKROCK NEW YORK MUNICIPAL BOND TRUST
1169029,BLACKROCK MARYLAND MUNICIPAL BOND TRUST
1169034,BLACKROCK VIRGINIA MUNICIPAL BOND TRUST
1169578,AETOS DISTRESSED INVESTMENT STRATEGIES FUND LLC
1169580,AETOS MULTI-STRATEGY ARBITRAGE FUND LLC
1169583,AETOS LONG/SHORT STRATEGIES FUND LLC
1170299,PIMCO MUNICIPAL INCOME FUND II
1170300,PIMCO CALIFORNIA MUNICIPAL INCOME FUND II
1170311,PIMCO NEW YORK MUNICIPAL INCOME FUND II
1171471,CALAMOS CONVERTIBLE OPPORTUNITIES & INCOME FUND
1172054,875 TRUST CO
1174164,Flaherty & Crumrine PREFERRED & INCOME SECURITIES FUND INC
1176194,BLACKROCK MUNICIPAL INCOME TRUST II
1176197,BLACKROCK NEW YORK MUNICIPAL INCOME TRUST II
1176199,JOHN HANCOCK PREFERRED INCOME FUND
1176342,BERGER ENHANCED PORTFOLIO TRUST
1176366,OTC OPP FUND LLC
1176433,Nuveen Preferred & Income Securities Fund
1176736,"ART Absolute Return Fund, Inc."
1176984,EATON VANCE MUNICIPAL BOND FUND
1177161,EATON VANCE CALIFORNIA MUNICIPAL BOND FUND
1177162,EATON VANCE NEW YORK MUNICIPAL BOND FUND
1177219,NUVEEN GEORGIA QUALITY MUNICIPAL INCOME FUND
1178839,NEUBERGER BERMAN MUNICIPAL FUND INC.
1178840,NEUBERGER BERMAN CALIFORNIA MUNICIPAL FUND INC.
1178841,NEUBERGER BERMAN NEW YORK MUNICIPAL FUND INC.
1181024,BLACKROCK NEW YORK MUNICIPAL INCOME QUALITY TRUST
1181026,BLACKROCK MUNICIPAL INCOME INVESTMENT QUALITY TRUST
1181187,BLACKROCK MUNICIPAL INCOME QUALITY TRUST
1181249,BLACKROCK FLORIDA MUNICIPAL 2020 TERM TRUST
1181250,BLACKROCK MUNICIPAL 2020 TERM TRUST
1181504,PIMCO CALIFORNIA MUNICIPAL INCOME FUND III
1181505,PIMCO NEW YORK MUNICIPAL INCOME FUND III
1181506,PIMCO MUNICIPAL INCOME FUND III
1181848,SKYBRIDGE MULTI-ADVISER HEDGE FUND PORTFOLIOS LLC
1186641,A&Q Long/Short Strategies Fund LLC
1186643,A&Q Technology Fund LLC
1189740,JOHN HANCOCK PREFERRED INCOME FUND II
1190935,PIMCO CORPORATE & INCOME OPPORTUNITY FUND
1195737,Nuveen AMT-Free Quality Municipal Income Fund
1195738,NUVEEN CALIFORNIA AMT-FREE QUALITY MUNICIPAL INCOME FUND
1195739,NUVEEN NEW YORK AMT-FREE QUALITY MUNICIPAL INCOME FUND
1199004,Federated Hermes Premier Municipal Income Fund
1199923,INTERNATIONAL ASSET GROUP INC
1202806,FEDERATED PREMIER INTERMEDIATE MUNICIPAL INCOME FUND
1210123,ALLSPRING INCOME OPPORTUNITIES FUND
1211994,FLAGSTAFF FUNDS LLC
1214935,Virtus Convertible & Income Fund
1215913,JOHN HANCOCK PREFERRED INCOME FUND III
1216583,Nuveen Preferred & Income Opportunities Fund
1219120,ADVENT CONVERTIBLE & INCOME FUND
1219360,PIMCO HIGH INCOME FUND
1222401,"BLACKROCK CORPORATE HIGH YIELD FUND, INC."
1222719,CALAMOS CONVERTIBLE & HIGH INCOME FUND
1222922,EATON VANCE LTD DURATION INCOME FUND
1223026,"PIONEER MUNICIPAL HIGH INCOME FUND, INC."
1224450,COHEN & STEERS REIT & PREFERRED & INCOME FUND INC
1227073,ALLSPRING MULTI-SECTOR INCOME FUND
1227476,Nuveen Credit Strategies Income Fund
1227857,Virtus Convertible & Income Fund II
1227862,WESTERN ASSET EMERGING MARKETS DEBT FUND INC.
1228509,WESTERN ASSET GLOBAL HIGH INCOME FUND INC.
1230869,ASA Gold & Precious Metals Ltd
1232860,"BLACKROCK MUNICIPAL INCOME FUND, INC."
1232863,"BLACKROCK MUNI NEW YORK INTERMEDIATE DURATION FUND, INC."
1233087,FRANKLIN LTD DURATION INCOME TRUST
1233681,BLACKROCK Ltd DURATION INCOME TRUST
1244183,PIMCO INCOME STRATEGY FUND
1245648,FLAHERTY & CRUMRINE TOTAL RETURN FUND INC
1246323,LEHMAN BROTHERS LIQUID ASSETS TRUST
1253327,EATON VANCE TAX ADVANTAGED DIVIDEND INCOME FUND
1254370,WESTERN ASSET INFLATION-LINKED INCOME FUND
1255821,NUVEEN DIVERSIFIED DIVIDEND & INCOME FUND
1258623,EATON VANCE SENIOR FLOATING RATE TRUST
1259708,"BLACKROCK FLOATING RATE INCOME STRATEGIES FUND, INC."
1260041,JOHN HANCOCK TAX-ADVANTAGED DIVIDEND INCOME FUND
1260563,"Virtus Dividend, Interest & Premium Strategy Fund"
1260729,GABELLI DIVIDEND & INCOME TRUST
1261166,NEUBERGER BERMAN REAL ESTATE SECURITIES INCOME FUND INC
1263994,REAVES UTILITY INCOME FUND
1265708,NUVEEN TAX ADVANTAGED TOTAL RETURN STRATEGY FUND
1266585,NUVEEN MUNICIPAL HIGH INCOME OPPORTUNITY FUND
1267902,WESTERN ASSET INFLATION-LINKED OPPORTUNITIES & INCOME FUND
1268533,TORTOISE ENERGY INFRASTRUCTURE CORP
1268884,CBRE GLOBAL REAL ESTATE INCOME FUND
1270131,LMP CAPITAL & INCOME FUND INC.
1270523,EATON VANCE TAX ADVANTAGED GLOBAL DIVIDEND INCOME FUND
1275214,CALAMOS STRATEGIC TOTAL RETURN FUND
1275617,COHEN & STEERS INFRASTRUCTURE FUND INC
1276469,MACQUARIE/FIRST TRUST GLOBAL INFRASTR/UTIL DIV & INC FUND
1276533,NUVEEN FLOATING RATE INCOME FUND
1278211,LAZARD GLOBAL TOTAL RETURN & INCOME FUND INC
1278895,"BLACKROCK ENHANCED CAPITAL & INCOME FUND, INC."
1279014,ALLSPRING UTILITIES & HIGH INCOME FUND
1279392,CYPRESS CREEK PRIVATE STRATEGIES MASTER FUND L P
1279394,CYPRESS CREEK PRIVATE STRATEGIES REGISTERED FUND L P
1281926,Eaton Vance Tax-Advantaged Global Dividend Opportunities Fund
1282850,FIRST TRUST SENIOR FLOATING RATE INCOME FUND II
1282957,GABELLI GLOBAL UTILITY & INCOME TRUST
1284940,FIRST TRUST ENERGY INCOME & GROWTH FUND
1285155,GENERATION HEDGE STRATEGIES FUND LLC
1285650,CALAMOS GLOBAL TOTAL RETURN FUND
1285890,Voya GLOBAL EQUITY DIVIDEND & PREMIUM OPPORTUNITY FUND
1286410,JP MORGAN ACCESS MULTI-STRATEGY FUND LLC
1287480,BLACKROCK FLOATING RATE INCOME TRUST
1287498,Eaton Vance Short Duration Diversified Income Fund
1288795,Clough Global Dividend & Income Fund
1288992,Eaton Vance Floating-Rate Income Trust
1289213,Nuveen Floating Rate Income Opportunity Fund
1289868,Madison Covered Call & Equity Strategy Fund
1291334,FIRST TRUST ENHANCED EQUITY INCOME FUND
1293613,"Kayne Anderson Energy Infrastructure Fund, Inc."
1296250,PIMCO Income Strategy Fund II
1298699,Nuveen S&P 500 BuyWrite Income Fund
1300391,Eaton Vance Enhanced Equity Income Fund
1301483,Alpha Core Strategies Fund
1302624,FIRST TRUST/ABRDN GLOBAL OPPORTUNITY INCOME FUND
1305767,"Pioneer Floating Rate Fund, Inc."
1306550,BlackRock Energy & Resources Trust
1307688,"Hatteras Core Alternatives TEI Fund, L.P."
1308335,Eaton Vance Enhanced Equity Income Fund II
1308927,Eaton Vance Tax-Managed Buy-Write Income Fund
1310192,"Hatteras Core Alternatives Fund, L.P."
1313510,"GAMCO Global Gold, Natural Resources & Income Trust"
1314966,BlackRock Health Sciences Trust
1316463,Clough Global Equity Fund
1318025,PIMCO Global StocksPLUS & Income Fund
1319183,FIRST TRUST MORTGAGE INCOME FUND
1320375,BlackRock Enhanced Global Dividend Trust
1320688,"CYPRESS CREEK PRIVATE STRATEGIES TEI FUND, L.P."
1322435,Eaton Vance Tax-Managed Global Buy-Write Opportunities Fund
1322436,Eaton Vance Tax-Managed Buy-Write Opportunities Fund
1326390,Macquarie Global Infrastructure Total Return Fund Inc.
1327228,Alternative Investment Partners Absolute Return Fund
1332283,BlackRock Enhanced Equity Dividend Trust
1332649,Advanced Equities Late Stage Opportunities Fund I LLC
1332943,Voya Global Advantage & Premium Opportunity Fund
1336050,"BlackRock Enhanced Government Fund, Inc."
1336538,MassMutual High Income Investors Fund
1336593,Evergreen International Balanced Income Fund
1338561,Nuveen S&P 500 Dynamic Overwrite Fund
1340736,Eaton Vance Tax-Managed Diversified Equity Income Fund
1343668,Alternative Investment Partners Absolute Return Fund STS
1343793,BlackRock Long-Term Municipal Advantage Trust
1350869,Clough Global Opportunities Fund
1358656,Millennium Sustainable Ventures Corp.
1362481,abrdn Global Dynamic Dividend Fund
1363438,FIRST TRUST/ABRDN EMERGING OPPORTUNITY FUND
1368493,"Morgan Stanley China A Share Fund, Inc."
1370754,"Special Value Continuation Partners, LLC"
1372117,Voya Natural Resources Equity Income Fund
1375340,"Cohen & Steers Closed-End Opportunity Fund, Inc."
1375382,"Swank Energy Income Fund of North America, Inc."
1378701,GDL FUND
1379384,BLACKROCK CREDIT ALLOCATION INCOME TRUST
1379400,abrdn Total Dynamic Dividend Fund
1379438,Eaton Vance Tax-Managed Global Diversified Equity Income Fund
1380936,GUGGENHEIM STRATEGIC OPPORTUNITIES FUND
1382142,"Hatteras Core Alternatives TEI Institutional Fund, L.P."
1382143,"Hatteras Core Alternatives Institutional Fund, L.P."
1383441,Virtus Equity & Convertible Income Fund
1385632,Voya Asia Pacific High Dividend Equity Income Fund
1385763,Nuveen Core Equity Alpha Fund
1386067,ALLSPRING GLOBAL DIVIDEND OPPORTUNITY FUND
1388126,"Pioneer Diversified High Income Fund, Inc."
1388141,"Morgan Stanley Emerging Markets Domestic Debt Fund, Inc."
1390195,abrdn Global Premier Properties Fund
1391437,Gabelli Healthcare & WellnessRx Trust
1392994,FIRST TRUST SPECIALTY FINANCE & FINANCIAL OPPORTUNITIES FUND
1393299,BlackRock Enhanced International Dividend Trust
1393662,Invesco Dynamic Credit Opportunities Fund
1395325,Eaton Vance Risk-Managed Diversified Equity Income Fund
1395627,Voya International High Dividend Equity Income Fund
1396167,Delaware Enhanced Global Dividend & Income Fund
1396277,Calamos Global Dynamic Income Fund
1396502,John Hancock Tax-Advantaged Global Shareholder Yield Fund
1397173,Nuveen Tax-Advantaged Dividend Growth Fund
1400897,NXG Cushing Midstream Energy Fund
1403617,Old Mutual Tax-Advantaged Equity Income Fund
1407736,"SEI Structured Credit Fund, LP"
1408201,TORTOISE POWER & ENERGY INFRASTRUCTURE FUND INC
1409953,PIMCO High Yield Municipal Opportunity Fund
1412350,PIMCO Income Opportunity Fund
1417060,ALPINE RISING DYNAMIC DIVIDEND FUND
1417802,"Voya Infrastructure, Industrials & Materials Fund"
1418568,GLOBAL REAL ESTATE OPPORTUNITY TRUST
1423836,Pertuity Funds
1427697,FIRST TRUST/STONECASTLE BANK SELECT INCOME FUND
1428688,AIP Multi-Strategy Fund P
1428690,AIP Multi-Strategy Fund A
1431328,National Retail Fund III
1431329,National Retail Fund II
1435962,"TCW Commodity Strategy & Income Fund, Inc."
1437203,Highland Special Situations Fund II
1438893,"GAMCO Natural Resources, Gold & Income Trust"
1446767,Evolution U.S. Government Guaranteed Floating Rate Loan Fund a series of Evolution Investment Trust
1450091,Sovereign Emerging Biomedical Fund Inc
1454741,Eaton Vance National Municipal Opportunities Trust
1455937,Federated Tax-Free Term Trust
1458125,"DWS CREDIT OPPORTUNITY FUND, INC."
1462586,Western Asset Investment Grade Defined Opportunity Trust Inc.
1467631,ACAP Strategic Fund
1468797,FIRST TRUST GLOBAL CREDIT STRATEGIES FUND
1469392,Nuveen Enhanced Municipal Value Fund
1471278,"Aberdeen Global Short Duration Income Fund, Inc."
1472215,Nuveen Mortgage & Income Fund/MA/
1472341,WESTERN ASSET GLOBAL CORPORATE DEFINED OPPORTUNITY FUND INC.
1472515,POWERSHARES BANK LOAN OPPORTUNITY ACCE FUND
1472516,POWERSHARES COMMODITIES OPPORTUNITY ACCE FUND
1472517,POWERSHARES PREFERRED ACCE FUND
1475763,Grubb & Ellis AGA Worldwide Realty Fund
1475764,Grubb & Ellis AGA U.S. Realty Income Fund
1478102,Western Asset Mortgage Opportunity Fund Inc.
1478268,"CYPRESS CREEK PRIVATE STRATEGIES INSTITUTIONAL FUND, L.P."
1478888,Nuveen Taxable Municipal Income Fund
1480999,Eaton Vance Tax-Managed Buy-Write Strategy Fund
1486298,Blackstone Senior Floating Rate 2027 Term Fund
1487610,Neuberger Berman High Yield Strategies Fund Inc.
1488775,ClearBridge MLP & Midstream Fund Inc.
1490286,"Tortoise Midstream Energy Fund, Inc."
1493549,"DWS FLOATING RATE OPPORTUNITIES FUND, INC."
1493683,BlackRock Taxable Municipal Bond Trust
1494530,FIRST TRUST HIGH INCOME LONG/SHORT FUND
1494703,Buttonwood Life Settlement Fund
1495027,Destra U.S. Liquidity Alpha & Income Fund
1495222,Oxford Lane Capital Corp.
1495825,Guggenheim Taxable Municipal Bond & Investment Grade Debt Trust
1496254,Alternative Strategies Fund
1496292,Voya Emerging Markets High Dividend Equity Fund
1496749,John Hancock Hedged Equity & Income Fund
1497186,Western Asset High Yield Defined Opportunity Fund Inc.
1497845,"Cohen & Steers MLP Fund, Inc."
1498258,SCA Absolute Return Fund
1498259,SCA Directional Fund
1498273,Federated Trade Finance Income Fund
1498578,SteelPath Energy Infrastructure Investment Co
1498612,"Cohen & Steers Select Preferred & Income Fund, Inc."
1499947,Agility Multi-Asset Income Fund
1500096,"Kayne Anderson NextGen Energy & Infrastructure, Inc."
1500233,Ironwood Institutional Multi-Strategy Fund LLC
1500234,Ironwood Multi-Strategy Fund LLC
1500331,Pioneer Multi Asset Floating Rate Trust
1501072,"RIVERNORTH OPPORTUNITIES FUND, INC."
1501103,Virtus Stone Harbor Emerging Markets Income Fund
1502573,Apollo Senior Floating Rate Fund Inc.
1503290,abrdn Income Credit Strategies Fund
1504234,Blackstone Long-Short Credit Income Fund
1504545,BrandywineGLOBAL-Global Income Opportunities Fund Inc
1506289,BlackRock Resources & Commodities Strategy Trust
1506488,NXG NextGen Infrastructure Income Fund
1507593,"Aberdeen Emerging Markets Debt Local Currency Fund, Inc."
1509253,Nuveen Short Duration Credit Opportunities Fund
1509664,Neuberger Berman Flexible High Income Fund Inc.
1510599,PIMCO Dynamic Income Fund
1510836,Stone Harbor Global Income Allocation Fund
1513789,FIRST TRUST ENERGY INFRASTRUCTURE FUND
1514490,"ROYCE GLOBAL VALUE TRUST, INC."
1515001,Versus Capital Multi-Manager Real Estate Income Fund LLC
1515324,"Ares Dynamic Credit Allocation Fund, Inc."
1515671,Duff & Phelps Utility & Infrastructure Fund Inc.
1515940,KKR Income Opportunities Fund
1516855,Blackstone / GSO Global Floating Rate Fund
1517518,ClearBridge Energy Midstream Opportunity Fund Inc.
1517767,Vertical Capital Income Fund
1518557,MainStay MacKay DefinedTerm Municipal Opportunities Fund
1519505,Miller/Howard High Income Equity Fund
1520568,"Skybridge G II Fund, LLC"
1521404,BARINGS GLOBAL SHORT DURATION HIGH YIELD FUND
1521451,Peerless Value Opportunity Fund
1522807,Brookfield Global Listed Infrastructure Income Fund Inc.
1523526,Sierra Income Corp
1524115,J.P. Morgan Access Multi-Strategy Fund II
1525091,Invesco Total Property Market Income Fund
1525201,DoubleLine Opportunistic Credit Fund
1526329,"TORTOISE PIPELINE & ENERGY FUND, INC."
1526697,Apollo Tactical Income Fund Inc.
1527672,"Cohen & Steers Global Power & Utility Fund, Inc."
1528437,BlackRock Municipal 2030 Target Term Trust
1528811,Virtus Global Multi-Sector Income Fund
1528838,DIVIDEND Fund Inc. by Gabelli
1528988,"BlackRock Utilities, Infrastructure & Power Opportunities Trust"
1532716,GL Beyond Income Fund
1534293,Salient Midstream & MLP Fund
1534880,"PGIM High Yield Bond Fund, Inc."
1539337,Nuveen Real Asset Income & Growth Fund
1544228,Blackstone / GSO Short Duration High Yield Fund
1546429,Blackstone Strategic Credit 2027 Term Fund
1546931,RMR Preferred Income Fund
1547158,"TORTOISE ENERGY INDEPENDENCE FUND, INC."
1547341,ClearBridge MLP & Midstream Total Return Fund Inc.
1547775,"SCS Hedged Opportunities (1099) Fund, LLC"
1547994,Nuveen Preferred & Income Term Fund
1548717,"Cohen & Steers Ltd Duration Preferred & Income Fund, Inc."
1551040,Virtus Stone Harbor Emerging Markets Total Income Fund
1554625,"Priority Income Fund, Inc."
1554697,"PGIM Global High Yield Fund, Inc."
1556297,Pioneer Multi-Asset Credit Trust
1556336,FIRST TRUST MLP & ENERGY INCOME FUND
1557265,Private Shares Fund
1557523,Principal Real Estate Income Fund
1557915,Nuveen Intermediate Duration Municipal Term Fund
1558629,PIMCO Dynamic Credit & Mortgage Income Fund
1562051,Neuberger Berman Energy Infrastructure & Income Fund Inc.
1562818,BlackRock Multi-Sector Income Trust
1563696,Eaton Vance Municipal Income 2028 Term Trust
1564584,Nuveen Intermediate Duration Quality Municipal Term Fund
1565381,"BNY Mellon Municipal Bond Infrastructure Fund, Inc."
1566388,DoubleLine Income Solutions Fund
1567569,First Trust Intermediate Duration Preferred & Income Fund
1568194,FS Credit Opportunities Corp.
1568205,MainStay DefinedTerm Intermediate Duration Municipal Bond Fund
1568292,Delaware Ivy High Income Opportunities Fund
1568334,StuFund Spectrum Fund
1568905,PREDEX
1569091,FW Advisory Research Quality Income Trust
1573781,"REIT Exchange Fund, Inc."
1574024,Babson Capital Global High Yield Credit Opportunity Fund
1575172,Cohen & Steers Global Ltd Duration Preferred & Income Fund
1576340,CENTER COAST BROOKFIELD MLP & ENERGY INFRASTRUCTURE FUND
1577210,"Prudential Real Estate Income Fund, Inc."
1577610,Highland Global Credit Allocation Fund
1578496,Highland Floating Rate High Income Fund
1578584,PROPHECY ALPHA FUND I
1578761,BlackRock All Asset Income Trust
1578987,ArrowMark Financial Corp.
1581468,Providence Flexible Credit Allocation Fund
1582138,Equalize Community Development Fund
1585392,CLA Strategic Allocation Fund
1585855,Gabelli Global Small & Mid Cap Value Trust
1588474,INFINITY CORE ALTERNATIVE FUND
1588569,ALPS/Alerian MLP Equal Weight Index Fund
1589420,FIRST TRUST NEW OPPORTUNITIES MLP & ENERGY FUND
1593492,HIGHLAND MLP INCOME FUND
1597098,"Prudential Jennison MLP Income Fund, Inc."
1597218,"Endowment PMF Master Fund, L.P."
1597219,"PMF Fund, L.P."
1597220,"PMF TEI Fund, L.P."
1597634,Apollo Diversified Real Estate Fund
1598084,"TCW Diversified Income Fund, Inc."
1598181,FIRST TRUST MUNICIPAL INCOME DEFINED TERM FUND
1602136,Global Marine Transport Capital Ltd.
1602480,Neuberger Berman Multi-Manager Income Fund Inc.
1602584,Calamos Dynamic Convertible & Income Fund
1603261,Forefront Income Trust
1604174,Eagle Point Credit Co Inc.
1604522,Tekla Healthcare Opportunities Fund
1608742,Nuveen Dow 30sm Dynamic Overwrite Fund
1609211,"AMG Pantheon Fund, LLC"
1609212,"AMG Pantheon Master Fund, LLC"
1611131,Highland Healthcare Equity Income & Growth Fund
1615905,Nuveen Global High Income Fund
1616037,Pioneer ILS Interval Fund
1616678,BlackRock Science & Technology Trust
1622148,HIGHLAND GLOBAL ALLOCATION FUND
1623848,"Prospect Yield Corporation, LLC"
1627854,"BNY Mellon Alcentra Global Credit Income 2024 Target Term Fund, Inc."
1628040,Alternative Credit Income Fund
1628766,"Nomura Credit Long/Short Fund, Inc."
1630457,CONTEXT FUNDAMENTAL VALUE LONG/SHORT FUND
1634454,"Triloma EIG Global Energy Master Fund, LLC"
1635977,Tekla World Healthcare Fund
1636289,Virtus Diversified Income & Convertible Fund
1638444,"TSC/Richard Bernstein Global Thematic Micro-Cap Fund, Inc."
1638600,USCA All Terrain Fund
1639453,"Fintan Alternative Fixed Income Advisory Fund, LLC"
1639454,"Fintan Alternative Fixed Income Master Fund, LLC"
1639455,"Fintan Alternative Fixed Income Institutional Fund, LLC"
1642563,Guggenheim Energy & Income Fund
1642598,Multi-Strategy Alternative Income Fund
1643090,"RiverNorth Multi-Strategy Arbitrage Fund, Inc."
1643554,Principal Real Estate Income Opportunity Fund
1644771,"RiverNorth Capital & Income Fund, Inc."
1646109,FIRST TRUST DYNAMIC EUROPE EQUITY INCOME FUND
1646775,"Aabaco Holdings, Inc."
1647933,Nuveen Corporate Income November 2021 Target Term Fund
1649363,ABS Long/Short Strategies Fund
1650796,"SAVYON TRUST GROUP,INC"
1653241,Bluerock Institutional Mortgage Income Fund
1655099,Brookfield Real Assets Income Fund Inc.
1657051,Elkhorn Dorsey Wright Tactical Equity Income Fund
1657487,BlackRock Multi-Asset Tax Managed 2021 Defined Trust
1657984,GuideMark Alternative Lending Income Fund
1663712,NEXPOINT REAL ESTATE STRATEGIES FUND
1665315,Apollo Multi Sector Income Fund
1665316,Apollo Multi Sector Income Fund A
1665317,Apollo Multi Sector Income Fund B
1668238,NEXPOINT ENERGY & MATERIALS OPPORTUNITIES FUND
1668239,NEXPOINT DISCOUNT STRATEGIES FUND
1668542,NEXPOINT LATIN AMERICAN OPPORTUNITIES FUND
1668543,NEXPOINT STRATEGIC INCOME FUND
1669380,NB Crossroads Private Markets Fund IV (TE) - Client LLC
1669382,NB Crossroads Private Markets Fund IV Holdings LLC
1669384,NB Crossroads Private Markets Fund IV (TI) - Client LLC
1675151,Prospect Investment Corp
1676197,Apollo Diversified Credit Fund
1677615,Federated Hermes Project & Trade Finance Tender Fund
1678124,CION Ares Diversified Credit Fund
1678130,"RiverNorth/DoubleLine Strategic Opportunity Fund, Inc."
1679033,Nuveen Preferred & Income Fund
1679230,RiverPark Floating Rate CMBS Fund
1679751,Pioneer ILS Bridge Fund
1682662,Peachtree Alternative Strategies Fund
1682811,INVESCO HIGH INCOME 2023 TARGET TERM FUND
1683185,TCW DIVERSIFIED HIGH INCOME 2021 TARGET TERM FUND
1683193,Crow Point Technology Opportunity 2021 Target Conversion Trust
1683447,PRISM Multi Strategy Fund
1685266,Sierra Opportunity Fund
1685531,FS Energy Total Return Fund
1686142,Nuveen Credit Opportunities 2022 Target Term Fund
1687430,"Infinity Long/Short Equity Fund, LLC"
1687898,Versus Capital Real Assets Fund LLC
1688554,PIMCO Flexible Credit Income Fund
1688897,FS Credit Income Fund
1690996,City National Rochdale Select Strategies Fund
1691433,BlackRock 2022 Global Income Opportunity Trust
1692567,Eaton Vance High Income 2022 Target Term Trust
1697196,AlphaCentric Prime Meridian Income Fund
1698508,Invesco High Income 2024 Target Term Fund
1698907,THL Credit Senior Loan 2024 Term Fund
1701167,Eaton Vance Floating-Rate 2022 Target Term Trust
1701809,Virtus Convertible & Income 2024 Target Term Fund
1702537,NB Crossroads Private Markets Fund V (TE) LP
1702885,NB Crossroads Private Markets Fund V Holdings LP
1703079,XAI Octagon Floating Rate & Alternative Income Term Trust
1704299,ECOFIN SUSTAINABLE & SOCIAL IMPACT TERM FUND
1706411,IBAA Fund
1708261,Nuveen Emerging Markets Debt 2022 Target Term Fund
1709406,AIP Alternative Lending Fund P
1709447,AIP Alternative Lending Fund A
1710523,Blackstone Floating Rate Enhanced Income Fund
1710680,HIGHLAND INCOME FUND\MA
1712666,VII Peaks Co-Optivist Income Fund
1714708,NB Crossroads Private Markets Fund V (TI) LP
1715468,BlackRock Multi-Sector Opportunities Trust
1715736,NB Crossroads Private Markets Fund V (TE) Advisory LP
1716885,Angel Oak Strategic Credit Fund
1716942,NB Crossroads Private Markets Fund V (TI) Advisory LP
1716951,"OFS Credit Company, Inc."
1717457,Calamos Long/Short Equity & Dynamic Income Trust
1717976,Weiss Strategic Interval Fund
1721413,Thrivent Church Loan & Income Fund
1722091,Sierra Real Estate Fund
1722688,Altegris Private Markets Opportunities Fund
1722837,BlueBay Destra International Event-Driven Credit Fund
1723701,PIMCO Flexible Municipal Income Fund
1725295,"Ecofin Tax-Exempt Private Credit Fund, Inc."
1725472,Carlyle Tactical Private Credit Fund
1729678,"BNY Mellon Alcentra Global Multi-Strategy Credit Fund, Inc."
1731897,SCS Insurance Opportunities Fund
1732078,Flat Rock Opportunity Fund
1735964,Cliffwater Corporate Lending Fund
1736510,Variant Alternative Income Fund
1737936,City National Rochdale Strategic Credit Fund
1740082,Hatteras Reinsurance Fund
1741002,Oppenheimer ILS Interval Fund
1741600,BlackRock Multi-Sector Opportunities Trust II
1741748,Eaton Vance Floating-Rate 2023 Target Term Trust
1742836,"CPG Focused Access Fund, LLC"
1742951,John Hancock GA Senior Loan Trust
1742952,John Hancock GA Mortgage Trust
1745059,Angel Oak Financial Strategies Income Term Trust
1746332,FNEX Ventures
1746967,"RiverNorth Opportunistic Municipal Income Fund, Inc."
1748680,1WS Credit Income Fund
1751156,ELLINGTON INCOME OPPORTUNITIES FUND
1752019,BlackRock Credit Strategies Fund
1753217,Nuveen Corporate Income 2023 Target Term Fund
1753712,Lord Abbett Credit Opportunities Fund
1754836,Eagle Point Income Co Inc.
1754927,Axonic Alternative Income Fund
1756404,Principal Diversified Select Real Asset Fund
1756908,PIMCO Energy & Tactical Credit Opportunities Fund
1757563,Loomis Sayles Alternative Asset Based Solutions Income Fund
1758583,Arca U.S. Treasury Fund
1759455,ALTI PRIVATE EQUITY ACCESS & COMMITMENTS FUND
1762229,YieldStreet Prism Fund Inc.
1762562,Clarion Partners Real Estate Income Fund Inc.
1767074,CIM Real Assets & Credit Fund
1768666,BlackRock Science & Technology Term Trust
1771226,"RiverNorth Managed Duration Municipal Income Fund, Inc."
1774342,Nuveen Municipal Credit Opportunities Fund
1776589,Cipher Technologies Bitcoin Fund
1777482,Nuveen Enhanced High Yield Municipal Bond Fund
1777529,Alpha Alternative Assets Fund
1777677,"Fundrise Real Estate Interval Fund, LLC"
1778114,Virtus Artificial Intelligence & Technology Opportunities Fund
1778732,AIP Private Equity Opportunities Fund I A LP
1778756,AIP Private Equity Opportunities Fund I P LP
1783110,Kayne Anderson Income Strategies Fund
1783515,ASPIRIANT DEFENSIVE ALLOCATION FUND
1783964,IDR Core Property Index Fund Ltd
1785957,Pioneer Securitized Income Fund
1785971,BlackRock Health Sciences Term Trust
1788399,DoubleLine Yield Opportunities Fund
1788420,Keystone Private Income Fund
1790177,"RiverNorth Flexible Municipal Income Fund, Inc."
1792037,Pioneer Income Opportunities Trust
1793101,"IHICF, LLC"
1793289,Astor Dynamic Credit Fund
1793855,abrdn Global Infrastructure Income Fund
1793882,Cohen & Steers Tax-Advantaged Preferred Securities & Income Fund
1794041,Franklin BSP Private Credit Fund
1795777,Tekla Income Edge Fund
1796233,Goldman Sachs Credit Income Fund
1796242,Goldman Sachs Real Estate Diversified Income Fund
1798618,PIMCO Dynamic Income Opportunities Fund
1802293,Lord Abbett Floating Rate High Income Fund
1802356,EMLES Bitcoin Strategy Fund
1804355,Reaves Sustainable Infrastructure Fund
1805262,FIRST TRUST SKYBRIDGE INCOME FUND
1806678,BNY Mellon Alcentra Global Credit Income Fund
1807272,Delaware Wilshire Private Markets Tender Fund
1807333,Delaware Wilshire Private Markets Master Fund
1807334,Delaware Wilshire Private Markets Fund
1808251,Entoro Gray Swan Fund
1809541,BlackRock Capital Allocation Term Trust
1810523,FIRST TRUST HIGH YIELD OPPORTUNITIES 2027 TERM FUND
1812286,Versus Capital Infrastructure Income Fund
1812923,PGIM Short Duration High Yield Opportunities Fund
1814390,Flat Rock Core Income Fund
1814902,"RiverNorth Global Innovation Opportunities Fund, Inc."
1815609,Primark Private Equity Investments Fund
1816940,OATH Advisors Partner Fund
1817159,"RiverNorth Flexible Municipal Income Fund II, Inc."
1817518,Calvert High Income Municipal Term Trust
1818105,NB Crossroads Private Markets Access Fund LLC
1818255,"CPG Cooper Square International Equity, LLC"
1818416,First Eagle Credit Opportunities Fund
1819559,Western Asset Diversified Income Fund
1820378,Thornburg Income Builder Opportunities Trust
1824796,Destiny Alternative Fund LLC
1830921,ASPIRIANT RISK-MANAGED REAL ASSETS FUND
1830926,SKK Access Income Fund
1830974,ASPIRIANT RISK-MANAGED CAPITAL APPRECIATION FUND
1832871,BlackRock 2037 Municipal Target Term Trust
1833936,BlackRock Hedge Fund Guided Portfolio Solution
1835068,Nuveen Core Plus Impact Fund
1835531,"Tax-Free High Grade Portfolio Target Maturity Fund for Puerto Rico Residents, Inc."
1836057,BlackRock Innovation & Growth Term Trust
1836804,Calamos Hunt Alternative Income Fund
1842754,Cliffwater Enhanced Lending Fund
1843181,Neuberger Berman Next Generation Connectivity Fund Inc.
1843305,Angel Oak Credit Opportunities Term Trust
1843499,AFA Multi-Manager Credit Fund
1843974,Destiny Tech100 Inc.
1843995,"Puerto Rico Residents Tax-Free Fund, Inc."
1844499,Basquet Global Debt Fund
1844684,NC SLF Inc.
1844890,Finite Solar Finance Fund
1847281,"Tax-Free High Grade Portfolio Bond Fund II for Puerto Rico Residents, Inc."
1847282,"Tax-Free High Grade Portfolio Bond Fund for Puerto Rico Residents, Inc."
1847283,"Puerto Rico Residents Tax-Free Fund VI, Inc."
1847284,"Puerto Rico Residents Tax-Free Fund V, Inc."
1847286,"Puerto Rico Residents Tax-Free Fund IV, Inc."
1847287,"Puerto Rico Residents Tax-Free Fund III, Inc."
1847288,"Puerto Rico Residents Tax-Free Fund II, Inc."
1847290,Puerto Rico Residents Bond Fund I
1847302,"Tax-Free Fixed Income Fund II for Puerto Rico Residents, Inc."
1847304,"Tax-Free Fixed Income Fund III for Puerto Rico Residents, Inc."
1847305,"Tax-Free Fixed Income Fund IV for Puerto Rico Residents, Inc."
1847307,"Tax-Free Fixed Income Fund V for Puerto Rico Residents, Inc."
1847309,"US Mortgage-Backed & Income Fund for Puerto Rico Residents, Inc."
1847516,"Tax Free Target Maturity Fund for Puerto Rico Residents, Inc."
1847517,"Tax Free Fund II for Puerto Rico Residents, Inc."
1847518,"Tax Free Fund for Puerto Rico Residents, Inc."
1848566,Optima Dynamic Alternatives Fund
1850862,"Tax-Free Fixed Income Fund for Puerto Rico Residents, Inc."
1851077,PIMCO Flexible Emerging Markets Income Fund
1851265,NB Crossroads Private Markets Fund VII LP
1851280,"RiverNorth SPAC Focus Fund, Inc."
1851515,NB Crossroads Private Markets Fund VII Holdings LP
1854370,Thirdline Real Estate Income Fund
1854919,Dynamic Alternatives Fund
1855066,MainStay CBRE Global Infrastructure Megatrends Fund
1855299,Lord Abbett Special Situations Income Fund
1857314,Forum Real Estate Income Fund
1857563,Cohen & Steers Select Infrastructure Income Fund
1858660,SVX LLC
1858982,ECP Essential Infrastructure Income Fund
1860151,Invesco Dynamic Credit Opportunity Fund
1861115,Nuveen Multi-Asset Income Fund
1864208,Guggenheim Active Allocation Fund
1864290,"Pioneer Municipal High Income Opportunities Fund, Inc."
1865266,Equal Access Portfolio LLC
1865389,Nuveen Variable Rate Preferred & Income Fund
1866874,Cohen & Steers Real Estate Opportunities & Income Fund
1867714,Monachil Credit Income Fund
1869040,Lind Capital Partners Municipal Credit Income Fund
1870714,Oaktree Diversified Income Fund Inc.
1870833,"RiverNorth Managed Duration Municipal Income Fund II, Inc."
1871717,Calamos Global Convertible & Dynamic Income Trust
1874331,Virtus AllianzGI Smart Cities Fund Inc.
1875084,"PGIM Private Real Estate Fund, Inc."
1876006,Ares Private Markets Fund
1876160,First Eagle Global Opportunities Fund
1876813,"CPG Vintage Access Fund V, LLC"
1881739,Variant Impact Fund
1883728,Alpha Alternative Assets Fund
1884434,"Panagram Capital, LLC"
1885551,"Fundrise Income Real Estate Fund, LLC"
1885778,John Hancock Asset-Based Lending Fund
1886683,abrdn Global Climate Infrastructure Fund
1886878,PIMCO Access Income Fund
1887499,NB Crossroads Private Markets Fund VII Advisory LP
1890380,Impact Shares Climate Risk Reinsurance Corp
1892443,Bluerock High Income Institutional Credit Fund
1896036,Eagle Point Institutional Income Fund
1896329,PIMCO Flexible Real Estate Income Fund
1897690,AOG Institutional Diversified Tender Fund
1898303,First Trust Real Assets Fund
1899194,Franklin Income Opportunities Fund
1899610,Carlyle AlpInvest Private Markets Fund
1900830,Thornburg Strategic Income Opportunities Trust
1901510,BlackRock Science & Technology Trust III
1902944,CANTOR FITZGERALD SUSTAINABLE INFRASTRUCTURE FUND
1903070,Hartford Schroders Private Opportunities Fund
1904800,Destiny Alternative Fund (TEI) LLC
1904958,Thornburg Durable Allocation & Income Trust
1905088,Ark Venture Fund
1905379,Innovation Access Fund
1907437,Opportunistic Credit Interval Fund
1911129,"CrowdStreet REIT I, Inc."
1911795,PIMCO California Flexible Municipal Income Fund
1912938,First Trust Private Assets Fund
1912963,First Trust Private Credit Fund
1918833,Tailwind Endowment Alternatives Fund
1922194,Nuveen Loan Opportunities Fund
1925779,Flat Rock Enhanced Income Fund
1928047,Emerald Strategic Innovation Interval Fund
1929777,Pender Real Estate Credit Fund
1930746,Peak Income Plus Fund
1935729,"Poolit Horizon Fund I, Inc."
1935741,"Poolit Imagine Fund I, Inc."
1937073,Calamos Aksia Alternative Credit & Income Fund
1940499,JPMorgan Private Markets Fund
1947598,Hatteras Lower Middle Market Buyouts Fund
1948370,PIMCO Municipal Credit Income Fund
1948673,Nuveen Municipal Income Opportunities Fund
1949178,Kingsbarn Parallel Income Fund
1949594,Fidelity Multi-Strategy Credit Fund
1951228,PIMCO Flexible Corporate Income Fund
1953146,"CPG Vintage Access Fund VI, LLC"
1953151,"Cadre Horizon Fund, Inc."
1953726,MBC Total Private Markets Access Fund
1954541,Modern Markets Flagship Access Fund Inc.
1956458,"Morrison Street Income Fund, LLC"
1957121,Felicitas Private Markets Fund
1957892,StepStone Private Infrastructure Fund
1959156,Mammoth Institutional Equity Access Fund
1959157,Mammoth Institutional Credit Access Fund
1959172,Redwood Real Estate Income Fund
1959353,"Oxford Park Income Fund, Inc."
1961472,PW Multi-Strategy Income Fund
1962937,List Income Opportunities Fund
1963682,AB CarVal Opportunistic Credit Fund
1965985,Polen Credit Opportunities Fund
1966776,KKR Asset-Based Income Fund
1968178,SEI Alternative Income Fund
1968390,Diffractive Real Assets Fund
1969180,Coller Secondaries Private Equity Fund
1969229,Eaton Vance Floating-Rate Opportunities Fund
1970466,First Trust Hedged Strategies Fund
1975736,KKR FS Income Trust Select
1976535,Equi Diversified Core Fund
1976685,Institutional Investment Strategy Fund
1978024,Apollo S3 Private Markets Fund
